Date,close
2015-01-02,27.896465301513672
2015-01-05,27.581892013549805
2015-01-06,27.067842483520508
2015-01-07,27.63559913635254
2015-01-08,28.14964485168457
2015-01-09,28.203350067138672
2015-01-12,28.080591201782227
2015-01-13,28.003868103027344
2015-01-14,27.88878059387207
2015-01-15,27.766027450561523
2015-01-16,27.965505599975586
2015-01-20,27.689311981201172
2015-01-21,27.988523483276367
2015-01-22,28.318437576293945
2015-01-23,27.965505599975586
2015-01-26,27.4744815826416
2015-01-27,26.2315673828125
2015-01-28,25.917007446289062
2015-01-29,26.246917724609375
2015-01-30,25.34925651550293
2015-02-02,25.817272186279297
2015-02-03,25.855628967285156
2015-02-04,25.963809967041016
2015-02-05,26.22653579711914
2015-02-06,25.731990814208984
2015-02-09,25.446081161499023
2015-02-10,26.041086196899414
2015-02-11,25.925172805786133
2015-02-12,26.373355865478516
2015-02-13,26.551090240478516
2015-02-17,26.8447322845459
2015-02-18,26.481536865234375
2015-02-19,26.435171127319336
2015-02-20,26.58972930908203
2015-02-23,26.087446212768555
2015-02-24,26.58972930908203
2015-02-25,26.234268188476562
2015-02-26,26.002445220947266
2015-02-27,25.693357467651367
2015-03-02,26.319263458251953
2015-03-03,26.35017967224121
2015-03-04,26.36562728881836
2015-03-05,26.064268112182617
2015-03-06,25.646989822387695
2015-03-09,25.283803939819336
2015-03-10,24.495616912841797
2015-03-11,24.982444763183594
2015-03-12,23.800155639648438
2015-03-13,23.90061378479004
2015-03-16,23.82334327697754
2015-03-17,23.63788604736328
2015-03-18,23.869709014892578
2015-03-19,23.753793716430664
2015-03-20,24.194255828857422
2015-03-23,24.1092529296875
2015-03-24,23.792430877685547
2015-03-25,23.096973419189453
2015-03-26,23.24379539489746
2015-03-27,24.727439880371094
2015-03-30,24.310165405273438
2015-03-31,24.163345336914062
2015-04-01,23.80788230895996
2015-04-02,23.80788230895996
2015-04-06,23.985607147216797
2015-04-07,24.155611038208008
2015-04-08,24.194255828857422
2015-04-09,24.14015769958496
2015-04-10,24.6733455657959
2015-04-13,24.518796920776367
2015-04-14,24.333343505859375
2015-04-15,25.368810653686523
2015-04-16,25.39971351623535
2015-04-17,25.090621948242188
2015-04-20,25.291534423828125
2015-04-21,25.059707641601562
2015-04-22,25.26835060119629
2015-04-23,24.997896194458008
2015-04-24,24.789264678955078
2015-04-27,25.11380958557129
2015-04-28,25.51563262939453
2015-04-29,25.415170669555664
2015-04-30,25.152437210083008
2015-05-01,25.824718475341797
2015-05-04,25.832448959350586
2015-05-05,25.404367446899414
2015-05-06,25.077476501464844
2015-05-07,25.093046188354492
2015-05-08,25.528902053833008
2015-05-11,25.44329261779785
2015-05-12,25.100826263427734
2015-05-13,25.404367446899414
2015-05-14,25.661216735839844
2015-05-15,25.676786422729492
2015-05-18,26.003679275512695
2015-05-19,25.801319122314453
2015-05-20,25.97254753112793
2015-05-21,26.112642288208008
2015-05-22,26.03481101989746
2015-05-26,25.762388229370117
2015-05-27,26.237171173095703
2015-05-28,26.470670700073242
2015-05-29,26.8209171295166
2015-06-01,26.392841339111328
2015-06-02,25.894712448120117
2015-06-03,25.47441864013672
2015-06-04,25.14752769470215
2015-06-05,24.781709671020508
2015-06-08,24.361421585083008
2015-06-09,24.322509765625
2015-06-10,24.766145706176758
2015-06-11,24.789501190185547
2015-06-12,24.376985549926758
2015-06-15,24.43147087097168
2015-06-16,24.626049041748047
2015-06-17,24.86733055114746
2015-06-18,25.202001571655273
2015-06-19,24.960729598999023
2015-06-22,25.10860824584961
2015-06-23,24.976289749145508
2015-06-24,24.836196899414062
2015-06-25,24.89846420288086
2015-06-26,24.143491744995117
2015-06-29,23.653146743774414
2015-06-30,23.676502227783203
2015-07-01,23.489702224731445
2015-07-02,23.785463333129883
2015-07-06,23.380735397338867
2015-07-07,23.271772384643555
2015-07-08,22.960439682006836
2015-07-09,22.516801834106445
2015-07-10,22.703598022460938
2015-07-13,23.13945960998535
2015-07-14,23.077198028564453
2015-07-15,23.108322143554688
2015-07-16,23.271772384643555
2015-07-17,22.937095642089844
2015-07-20,22.649118423461914
2015-07-21,22.353351593017578
2015-07-22,22.26774024963379
2015-07-23,22.259958267211914
2015-07-24,21.83966636657715
2015-07-27,22.065378189086914
2015-07-28,22.540151596069336
2015-07-29,22.579072952270508
2015-07-30,22.501230239868164
2015-07-31,22.532367706298828
2015-08-03,22.61020278930664
2015-08-04,22.672470092773438
2015-08-05,22.852968215942383
2015-08-06,22.766647338867188
2015-08-07,22.66461181640625
2015-08-10,23.26105308532715
2015-08-11,22.735252380371094
2015-08-12,23.11979103088379
2015-08-13,22.65677261352539
2015-08-14,22.774484634399414
2015-08-17,22.82157325744629
2015-08-18,22.68815803527832
2015-08-19,22.25653648376465
2015-08-20,21.605159759521484
2015-08-21,20.84391212463379
2015-08-24,20.600631713867188
2015-08-25,20.30240821838379
2015-08-26,21.424657821655273
2015-08-27,21.7542667388916
2015-08-28,22.303621292114258
2015-08-31,22.397789001464844
2015-09-01,21.832740783691406
2015-09-02,22.444875717163086
2015-09-03,22.82157325744629
2015-09-04,22.38209342956543
2015-09-08,23.151185989379883
2015-09-09,22.947145462036133
2015-09-10,22.970685958862305
2015-09-11,23.127641677856445
2015-09-14,23.06485939025879
2015-09-15,23.33169174194336
2015-09-16,23.363079071044922
2015-09-17,23.315996170043945
2015-09-18,22.774484634399414
2015-09-21,22.884363174438477
2015-09-22,22.499814987182617
2015-09-23,22.554746627807617
2015-09-24,22.3507022857666
2015-09-25,22.609683990478516
2015-09-28,22.570446014404297
2015-09-29,22.947145462036133
2015-09-30,23.653444290161133
2015-10-01,23.54357147216797
2015-10-02,23.943817138671875
2015-10-05,24.493167877197266
2015-10-06,24.90911102294922
2015-10-07,25.36428451538086
2015-10-08,25.521242141723633
2015-10-09,25.223020553588867
2015-10-12,25.277952194213867
2015-10-13,25.144540786743164
2015-10-14,25.74098014831543
2015-10-15,25.701730728149414
2015-10-16,25.92932891845703
2015-10-19,26.360958099365234
2015-10-20,26.243242263793945
2015-10-21,26.18830680847168
2015-10-22,26.996639251708984
2015-10-23,27.38903045654297
2015-10-26,27.145750045776367
2015-10-27,27.05157470703125
2015-10-28,27.239925384521484
2015-10-29,26.70625877380371
2015-10-30,26.57285499572754
2015-11-02,26.76905059814453
2015-11-03,26.926010131835938
2015-11-04,26.98923683166504
2015-11-05,26.870683670043945
2015-11-06,26.744234085083008
2015-11-09,26.356971740722656
2015-11-10,26.246335983276367
2015-11-11,25.9697265625
2015-11-12,25.606182098388672
2015-11-13,25.37698745727539
2015-11-16,25.369083404541016
2015-11-17,25.79585075378418
2015-11-18,26.206823348999023
2015-11-19,27.10777473449707
2015-11-20,27.392292022705078
2015-11-23,27.250032424926758
2015-11-24,27.155197143554688
2015-11-25,27.22632598876953
2015-11-27,27.23423194885254
2015-11-30,27.47922706604004
2015-12-01,27.732128143310547
2015-12-02,27.526643753051758
2015-12-03,26.902297973632812
2015-12-04,27.613571166992188
2015-12-07,27.65309715270996
2015-12-08,27.46341323852539
2015-12-09,27.510839462280273
2015-12-10,27.47922706604004
2015-12-11,27.084070205688477
2015-12-14,27.24213218688965
2015-12-15,27.803255081176758
2015-12-16,27.898090362548828
2015-12-17,27.589872360229492
2015-12-18,26.7679443359375
2015-12-21,27.060354232788086
2015-12-22,27.44761085510254
2015-12-23,27.6610050201416
2015-12-24,27.64519691467285
2015-12-28,27.605674743652344
2015-12-29,28.008729934692383
2015-12-30,27.65309715270996
2015-12-31,27.22632598876953
2016-01-04,26.862781524658203
2016-01-05,26.736328125
2016-01-06,26.143598556518555
2016-01-07,25.163602828979492
2016-01-08,24.90280532836914
2016-01-11,25.337474822998047
2016-01-12,25.827468872070312
2016-01-13,25.218923568725586
2016-01-14,25.874887466430664
2016-01-15,23.519752502441406
2016-01-19,23.551359176635742
2016-01-20,23.385398864746094
2016-01-21,23.44072151184082
2016-01-22,23.65410804748535
2016-01-25,23.393299102783203
2016-01-26,23.66200828552246
2016-01-27,23.559268951416016
2016-01-28,23.685720443725586
2016-01-29,24.515544891357422
2016-02-01,24.35748291015625
2016-02-02,23.551359176635742
2016-02-03,23.39190673828125
2016-02-04,23.7347354888916
2016-02-05,23.15273094177246
2016-02-08,22.977327346801758
2016-02-09,22.969356536865234
2016-02-10,22.506938934326172
2016-02-11,22.49896240234375
2016-02-12,22.83382225036621
2016-02-16,22.945436477661133
2016-02-17,23.495548248291016
2016-02-18,23.455690383911133
2016-02-19,22.88963508605957
2016-02-22,23.39988136291504
2016-02-23,22.96138572692871
2016-02-24,23.272314071655273
2016-02-25,23.61514663696289
2016-02-26,23.75864601135254
2016-02-29,23.591228485107422
2016-03-01,24.213096618652344
2016-03-02,24.3486328125
2016-03-03,24.380523681640625
2016-03-04,24.420392990112305
2016-03-07,24.66754722595215
2016-03-08,24.36457633972168
2016-03-09,24.611732482910156
2016-03-10,24.914697647094727
2016-03-11,25.321304321289062
2016-03-14,25.058204650878906
2016-03-15,25.233604431152344
2016-03-16,25.265493392944336
2016-03-17,25.496700286865234
2016-03-18,26.05478286743164
2016-03-21,25.783720016479492
2016-03-22,25.767776489257812
2016-03-23,25.51264762878418
2016-03-24,25.416976928710938
2016-03-28,25.432920455932617
2016-03-29,25.815608978271484
2016-03-30,26.078712463378906
2016-03-31,25.79169464111328
2016-04-01,25.871414184570312
2016-04-04,25.51264762878418
2016-04-05,25.432920455932617
2016-04-06,25.57642936706543
2016-04-07,25.153879165649414
2016-04-08,25.21765899658203
2016-04-11,25.249549865722656
2016-04-12,25.401033401489258
2016-04-13,25.616296768188477
2016-04-14,25.353191375732422
2016-04-15,25.082122802734375
2016-04-18,25.233604431152344
2016-04-19,25.19373893737793
2016-04-20,25.51264762878418
2016-04-21,25.488733291625977
2016-04-22,25.225627899169922
2016-04-25,25.02631187438965
2016-04-26,25.034286499023438
2016-04-27,25.313331604003906
2016-04-28,24.803075790405273
2016-04-29,24.141338348388672
2016-05-02,24.404436111450195
2016-05-03,24.205127716064453
2016-05-04,24.00408935546875
2016-05-05,24.044292449951172
2016-05-06,24.156871795654297
2016-05-09,23.963876724243164
2016-05-10,24.23729133605957
2016-05-11,24.17295265197754
2016-05-12,23.93171501159668
2016-05-13,24.052330017089844
2016-05-16,24.438325881958008
2016-05-17,24.108625411987305
2016-05-18,24.116662979125977
2016-05-19,23.82716941833496
2016-05-20,24.245336532592773
2016-05-23,24.309663772583008
2016-05-24,24.977113723754883
2016-05-25,25.24248504638672
2016-05-26,25.322898864746094
2016-05-27,25.387237548828125
2016-05-31,25.40331268310547
2016-06-01,25.459611892700195
2016-06-02,25.54002571105957
2016-06-03,25.427448272705078
2016-06-06,25.47569465637207
2016-06-07,25.636520385742188
2016-06-08,25.64456558227539
2016-06-09,25.684782028198242
2016-06-10,25.765186309814453
2016-06-13,25.869722366333008
2016-06-14,25.84560775756836
2016-06-15,25.419404983520508
2016-06-16,25.48373031616211
2016-06-17,25.54002571105957
2016-06-20,25.869722366333008
2016-06-21,25.990346908569336
2016-06-22,25.966228485107422
2016-06-23,26.529138565063477
2016-06-24,25.371150970458984
2016-06-27,24.70370101928711
2016-06-28,25.081653594970703
2016-06-29,25.676734924316406
2016-06-30,26.376346588134766
2016-07-01,26.33614158630371
2016-07-05,26.27985382080078
2016-07-06,26.51304817199707
2016-07-07,26.69801139831543
2016-07-08,27.34132957458496
2016-07-11,27.646915435791016
2016-07-12,28.097238540649414
2016-07-13,28.15353012084961
2016-07-14,28.30632972717285
2016-07-15,28.2017822265625
2016-07-18,28.185699462890625
2016-07-19,28.2661190032959
2016-07-20,28.700359344482422
2016-07-21,27.558456420898438
2016-07-22,27.872079849243164
2016-07-25,27.89620018005371
2016-07-26,28.217872619628906
2016-07-27,28.0087947845459
2016-07-28,27.960538864135742
2016-07-29,28.03291130065918
2016-08-01,28.024873733520508
2016-08-02,27.791675567626953
2016-08-03,27.75115203857422
2016-08-04,28.018531799316406
2016-08-05,28.34263801574707
2016-08-08,28.39124870300293
2016-08-09,28.29401206970215
2016-08-10,27.978017807006836
2016-08-11,28.09955406188965
2016-08-12,28.01042938232422
2016-08-15,28.28591537475586
2016-08-16,28.528995513916016
2016-08-17,28.375049591064453
2016-08-18,28.334531784057617
2016-08-19,28.55330467224121
2016-08-22,28.65053367614746
2016-08-23,28.682939529418945
2016-08-24,28.480375289916992
2016-08-25,28.431772232055664
2016-08-26,28.569503784179688
2016-08-29,28.804475784301758
2016-08-30,28.926010131835938
2016-08-31,29.079959869384766
2016-09-01,29.185302734375
2016-09-02,29.233917236328125
2016-09-06,29.63092803955078
2016-09-07,29.541810989379883
2016-09-08,29.525609970092773
2016-09-09,28.715343475341797
2016-09-12,29.233917236328125
2016-09-13,28.853097915649414
2016-09-14,28.861207962036133
2016-09-15,29.62283706665039
2016-09-16,30.522218704223633
2016-09-19,30.108980178833008
2016-09-20,30.09278106689453
2016-09-21,30.343963623046875
2016-09-22,30.424983978271484
2016-09-23,30.133289337158203
2016-09-26,29.69575309753418
2016-09-27,30.125192642211914
2016-09-28,30.33585548400879
2016-09-29,30.23861312866211
2016-09-30,30.587034225463867
2016-10-03,30.514118194580078
2016-10-04,30.41687774658203
2016-10-05,30.781496047973633
2016-10-06,30.84632110595703
2016-10-07,30.870620727539062
2016-10-10,30.80581283569336
2016-10-11,30.198116302490234
2016-10-12,30.08468246459961
2016-10-13,29.955039978027344
2016-10-14,30.343963623046875
2016-10-17,30.21431541442871
2016-10-18,30.587034225463867
2016-10-19,28.772062301635742
2016-10-20,28.70725440979004
2016-10-21,28.480375289916992
2016-10-24,28.569503784179688
2016-10-25,28.439863204956055
2016-10-26,28.29401206970215
2016-10-27,28.20489501953125
2016-10-28,28.14818000793457
2016-10-31,28.253511428833008
2016-11-01,27.96991729736328
2016-11-02,28.03473663330078
2016-11-03,27.700021743774414
2016-11-04,27.438783645629883
2016-11-07,28.320470809936523
2016-11-08,28.361295700073242
2016-11-09,28.369457244873047
2016-11-10,28.165363311767578
2016-11-11,28.25516700744629
2016-11-14,28.149038314819336
2016-11-15,28.500076293945312
2016-11-16,28.44293212890625
2016-11-17,28.58988380432129
2016-11-18,28.532733917236328
2016-11-21,28.55722999572754
2016-11-22,28.965415954589844
2016-11-23,28.736835479736328
2016-11-25,28.932764053344727
2016-11-28,28.98990821838379
2016-11-29,28.826641082763672
2016-11-30,28.328643798828125
2016-12-01,27.561235427856445
2016-12-02,27.88779067993164
2016-12-05,28.075559616088867
2016-12-06,28.344970703125
2016-12-07,28.981746673583984
2016-12-08,29.145030975341797
2016-12-09,29.19400978088379
2016-12-12,29.36545181274414
2016-12-13,30.04305076599121
2016-12-14,29.83896255493164
2016-12-15,30.034896850585938
2016-12-16,29.64302635192871
2016-12-19,30.11652946472168
2016-12-20,30.37777328491211
2016-12-21,30.18999481201172
2016-12-22,30.14918327331543
2016-12-23,30.181838989257812
2016-12-27,30.26348114013672
2016-12-28,29.90427017211914
2016-12-29,29.92876434326172
2016-12-30,29.610366821289062
2017-01-03,29.879776000976562
2017-01-04,29.724666595458984
2017-01-05,29.675678253173828
2017-01-06,29.781803131103516
2017-01-09,29.8879451751709
2017-01-10,29.83078956604004
2017-01-11,30.165502548217773
2017-01-12,29.969581604003906
2017-01-13,30.034896850585938
2017-01-17,30.04305076599121
2017-01-18,30.01038932800293
2017-01-19,29.855289459228516
2017-01-20,30.157350540161133
2017-01-23,30.0185604095459
2017-01-24,30.712491989135742
2017-01-25,30.85944938659668
2017-01-26,30.663503646850586
2017-01-27,31.006391525268555
2017-01-30,30.549205780029297
2017-01-31,30.059371948242188
2017-02-01,29.814464569091797
2017-02-02,29.945091247558594
2017-02-03,30.027307510375977
2017-02-06,29.82175064086914
2017-02-07,29.887531280517578
2017-02-08,29.912195205688477
2017-02-09,29.1557559967041
2017-02-10,29.057096481323242
2017-02-13,29.435312271118164
2017-02-14,29.542203903198242
2017-02-15,29.640857696533203
2017-02-16,29.936866760253906
2017-02-17,29.99441146850586
2017-02-21,30.027307510375977
2017-02-22,29.65730094909668
2017-02-23,29.74774932861328
2017-02-24,30.0355281829834
2017-02-27,30.019086837768555
2017-02-28,29.764196395874023
2017-03-01,29.542203903198242
2017-03-02,29.5257625579834
2017-03-03,29.517532348632812
2017-03-06,29.24620819091797
2017-03-07,29.435312271118164
2017-03-08,29.287317276000977
2017-03-09,29.451751708984375
2017-03-10,29.5257625579834
2017-03-13,28.90909194946289
2017-03-14,28.925539016723633
2017-03-15,28.85976219177246
2017-03-16,28.892648696899414
2017-03-17,28.999542236328125
2017-03-20,29.131086349487305
2017-03-21,28.81043243408203
2017-03-22,29.081756591796875
2017-03-23,28.999542236328125
2017-03-24,28.90909194946289
2017-03-27,29.098203659057617
2017-03-28,29.27086639404297
2017-03-29,29.24620819091797
2017-03-30,29.394193649291992
2017-03-31,29.65730094909668
2017-04-03,29.73130989074707
2017-04-04,29.829971313476562
2017-04-05,29.780641555786133
2017-04-06,29.62442398071289
2017-04-07,29.62442398071289
2017-04-10,29.435312271118164
2017-04-11,29.385984420776367
2017-04-12,29.29553985595703
2017-04-13,28.983097076416016
2017-04-17,29.172195434570312
2017-04-18,29.41064453125
2017-04-19,29.5257625579834
2017-04-20,29.74774932861328
2017-04-21,29.86286163330078
2017-04-24,30.216411590576172
2017-04-25,30.31507682800293
2017-04-26,30.36441421508789
2017-04-27,30.775524139404297
2017-04-28,29.72308349609375
2017-05-01,29.854646682739258
2017-05-02,30.397302627563477
2017-05-03,30.63172149658203
2017-05-04,30.52403450012207
2017-05-05,30.499183654785156
2017-05-08,30.267253875732422
2017-05-09,30.126434326171875
2017-05-10,29.828237533569336
2017-05-11,29.563169479370117
2017-05-12,29.430646896362305
2017-05-15,29.513479232788086
2017-05-16,29.670854568481445
2017-05-17,29.02475357055664
2017-05-18,29.173858642578125
2017-05-19,29.322956085205078
2017-05-22,29.629436492919922
2017-05-23,29.703989028930664
2017-05-24,29.91935920715332
2017-05-25,30.035324096679688
2017-05-26,30.035324096679688
2017-05-30,29.969053268432617
2017-05-31,29.911083221435547
2017-06-01,29.91935920715332
2017-06-02,30.08502960205078
2017-06-05,30.101585388183594
2017-06-06,29.927642822265625
2017-06-07,30.035324096679688
2017-06-08,30.217548370361328
2017-06-09,29.57973289489746
2017-06-12,29.5963077545166
2017-06-13,29.720556259155273
2017-06-14,29.430646896362305
2017-06-15,29.248409271240234
2017-06-16,29.165576934814453
2017-06-19,29.414072036743164
2017-06-20,28.875646591186523
2017-06-21,28.643728256225586
2017-06-22,28.46149253845215
2017-06-23,28.3206729888916
2017-06-26,28.221271514892578
2017-06-27,27.873374938964844
2017-06-28,28.32896614074707
2017-06-29,27.782255172729492
2017-06-30,27.94792366027832
2017-07-03,27.715991973876953
2017-07-05,28.444923400878906
2017-07-06,27.856813430786133
2017-07-07,28.06389808654785
2017-07-10,27.873374938964844
2017-07-11,28.097028732299805
2017-07-12,28.370376586914062
2017-07-13,28.362089157104492
2017-07-14,28.7265567779541
2017-07-17,28.552608489990234
2017-07-18,28.602306365966797
2017-07-19,28.627155303955078
2017-07-20,28.78453254699707
2017-07-21,28.767972946166992
2017-07-24,28.57745933532715
2017-07-25,28.71826934814453
2017-07-26,28.78453254699707
2017-07-27,28.96677589416504
2017-07-28,29.248409271240234
2017-07-31,29.38094139099121
2017-08-01,30.10987091064453
2017-08-02,30.35009002685547
2017-08-03,30.452739715576172
2017-08-04,30.294172286987305
2017-08-07,30.40266990661621
2017-08-08,30.385976791381836
2017-08-09,30.536191940307617
2017-08-10,30.160648345947266
2017-08-11,29.93531036376953
2017-08-14,30.327552795410156
2017-08-15,30.043806076049805
2017-08-16,29.8852481842041
2017-08-17,29.35112953186035
2017-08-18,29.217601776123047
2017-08-21,29.14249610900879
2017-08-22,28.917171478271484
2017-08-23,28.925514221191406
2017-08-24,28.967243194580078
2017-08-25,28.93385887145996
2017-08-28,28.917171478271484
2017-08-29,28.983928680419922
2017-08-30,29.11745834350586
2017-08-31,29.267677307128906
2017-09-01,29.284374237060547
2017-09-05,29.225950241088867
2017-09-06,29.843515396118164
2017-09-07,29.659914016723633
2017-09-08,29.367822647094727
2017-09-11,29.85186004638672
2017-09-12,30.118913650512695
2017-09-13,30.3192138671875
2017-09-14,30.444387435913086
2017-09-15,30.87836265563965
2017-09-18,30.87836265563965
2017-09-19,31.07030487060547
2017-09-20,30.936777114868164
2017-09-21,31.045270919799805
2017-09-22,31.028589248657227
2017-09-25,31.011890411376953
2017-09-26,31.27060317993164
2017-09-27,31.32901954650879
2017-09-28,31.5710391998291
2017-09-29,31.77967643737793
2017-10-02,32.580841064453125
2017-10-03,32.86458206176758
2017-10-04,32.83121109008789
2017-10-05,32.989776611328125
2017-10-06,33.07322692871094
2017-10-09,33.265174865722656
2017-10-10,33.08991622924805
2017-10-11,32.797821044921875
2017-10-12,32.706024169921875
2017-10-13,33.106597900390625
2017-10-16,33.181724548339844
2017-10-17,33.206756591796875
2017-10-18,33.59064483642578
2017-10-19,33.457130432128906
2017-10-20,33.740875244140625
2017-10-23,34.0746955871582
2017-10-24,34.17484664916992
2017-10-25,34.032962799072266
2017-10-26,34.50865936279297
2017-10-27,37.05402374267578
2017-10-30,37.02898406982422
2017-10-31,37.96369934082031
2017-11-01,38.98184585571289
2017-11-02,39.307315826416016
2017-11-03,38.67306137084961
2017-11-06,39.20446014404297
2017-11-07,39.2716178894043
2017-11-08,39.20446014404297
2017-11-09,38.868656158447266
2017-11-10,38.26423263549805
2017-11-13,38.40694046020508
2017-11-14,38.49928283691406
2017-11-15,38.163482666015625
2017-11-16,38.32299041748047
2017-11-17,37.466705322265625
2017-11-20,37.45831298828125
2017-11-21,37.7269401550293
2017-11-22,37.48350143432617
2017-11-24,37.567440032958984
2017-11-27,37.34917068481445
2017-11-28,37.550655364990234
2017-11-29,36.895851135253906
2017-11-30,37.643001556396484
2017-12-01,37.50868225097656
2017-12-04,37.34917068481445
2017-12-05,36.46769714355469
2017-12-06,36.476104736328125
2017-12-07,36.165489196777344
2017-12-08,36.39215087890625
2017-12-11,36.65238952636719
2017-12-12,36.375370025634766
2017-12-13,36.38376235961914
2017-12-14,36.31659698486328
2017-12-15,37.40794372558594
2017-12-18,38.835079193115234
2017-12-19,39.489891052246094
2017-12-20,39.926429748535156
2017-12-21,39.25482940673828
2017-12-22,39.20446014404297
2017-12-26,38.68397521972656
2017-12-27,38.709163665771484
2017-12-28,38.801513671875
2017-12-29,38.75112533569336
2018-01-02,39.33038330078125
2018-01-03,37.99558639526367
2018-01-04,37.29880142211914
2018-01-05,37.55904769897461
2018-01-08,37.55904769897461
2018-01-09,36.618812561035156
2018-01-10,35.6785774230957
2018-01-11,36.4425163269043
2018-01-12,36.2998046875
2018-01-16,36.215858459472656
2018-01-17,37.265228271484375
2018-01-18,37.34077835083008
2018-01-19,37.6262092590332
2018-01-22,38.40694046020508
2018-01-23,38.66718673706055
2018-01-24,38.205448150634766
2018-01-25,38.0291633605957
2018-01-26,42.04193878173828
2018-01-29,41.958011627197266
2018-01-30,40.95901107788086
2018-01-31,40.4133415222168
2018-02-01,40.001976013183594
2018-02-02,38.742733001708984
2018-02-05,37.374366760253906
2018-02-06,37.95753479003906
2018-02-07,38.202632904052734
2018-02-08,36.13193893432617
2018-02-09,37.146148681640625
2018-02-12,37.88993453979492
2018-02-13,37.577205657958984
2018-02-14,38.354766845703125
2018-02-15,38.81117630004883
2018-02-16,38.506919860839844
2018-02-20,39.149261474609375
2018-02-21,38.828086853027344
2018-02-22,38.709754943847656
2018-02-23,40.34098434448242
2018-02-26,41.50735092163086
2018-02-27,42.183502197265625
2018-02-28,41.65948486328125
2018-03-01,40.43395233154297
2018-03-02,41.39747619628906
2018-03-05,42.04826736450195
2018-03-06,42.859649658203125
2018-03-07,43.375221252441406
2018-03-08,42.88501739501953
2018-03-09,44.110530853271484
2018-03-12,43.544246673583984
2018-03-13,43.763999938964844
2018-03-14,43.83162307739258
2018-03-15,43.00333786010742
2018-03-16,43.248443603515625
2018-03-19,42.96107482910156
2018-03-20,43.569618225097656
2018-03-21,43.578067779541016
2018-03-22,42.96107482910156
2018-03-23,41.718650817871094
2018-03-26,44.35564422607422
2018-03-27,43.26535415649414
2018-03-28,41.921485900878906
2018-03-29,44.017555236816406
2018-04-02,41.34675979614258
2018-04-03,42.04826736450195
2018-04-04,42.2511100769043
2018-04-05,42.58073425292969
2018-04-06,41.23688507080078
2018-04-09,41.87923049926758
2018-04-10,43.33296203613281
2018-04-11,43.18927001953125
2018-04-12,44.558475494384766
2018-04-13,43.83162307739258
2018-04-16,44.288021087646484
2018-04-17,45.25153732299805
2018-04-18,45.310707092285156
2018-04-19,44.13589096069336
2018-04-20,43.55270767211914
2018-04-23,43.18927001953125
2018-04-24,43.48509979248047
2018-04-25,43.42593765258789
2018-04-26,44.837398529052734
2018-04-27,44.56694030761719
2018-04-30,43.62876510620117
2018-05-01,45.07405471801758
2018-05-02,44.21195602416992
2018-05-03,44.18660354614258
2018-05-04,44.86664962768555
2018-05-07,45.33419418334961
2018-05-08,45.58921432495117
2018-05-09,46.19276428222656
2018-05-10,46.7368049621582
2018-05-11,46.473289489746094
2018-05-14,46.668800354003906
2018-05-15,45.83573532104492
2018-05-16,46.447784423828125
2018-05-17,46.59229278564453
2018-05-18,45.478702545166016
2018-05-21,46.175758361816406
2018-05-22,46.28627395629883
2018-05-23,46.93231964111328
2018-05-24,46.541297912597656
2018-05-25,47.127845764160156
2018-05-29,47.025840759277344
2018-05-30,47.33185577392578
2018-05-31,46.923824310302734
2018-06-01,48.52195739746094
2018-06-04,48.3094367980957
2018-06-05,48.054412841796875
2018-06-06,48.479454040527344
2018-06-07,47.501869201660156
2018-06-08,46.79631423950195
2018-06-11,46.34577941894531
2018-06-12,46.600791931152344
2018-06-13,46.77931594848633
2018-06-14,47.21284484863281
2018-06-15,46.84730911254883
2018-06-18,45.240692138671875
2018-06-19,44.99417495727539
2018-06-20,45.444698333740234
2018-06-21,44.365108489990234
2018-06-22,44.628631591796875
2018-06-25,43.10700607299805
2018-06-26,42.22294235229492
2018-06-27,41.44938278198242
2018-06-28,41.86591720581055
2018-06-29,42.25694274902344
2018-07-02,42.6734733581543
2018-07-03,42.052921295166016
2018-07-05,43.141021728515625
2018-07-06,43.66805648803711
2018-07-09,44.08458709716797
2018-07-10,44.339622497558594
2018-07-11,43.52355194091797
2018-07-12,44.50112533569336
2018-07-13,44.390625
2018-07-16,44.21209716796875
2018-07-17,43.99108123779297
2018-07-18,43.965579986572266
2018-07-19,44.18661117553711
2018-07-20,44.127098083496094
2018-07-23,44.46712875366211
2018-07-24,44.35661315917969
2018-07-25,44.56913757324219
2018-07-26,44.339622497558594
2018-07-27,40.53129577636719
2018-07-30,40.53981018066406
2018-07-31,40.88833999633789
2018-08-01,41.491886138916016
2018-08-02,42.06143569946289
2018-08-03,42.18894577026367
2018-08-06,42.16328048706055
2018-08-07,42.505374908447266
2018-08-08,42.72773361206055
2018-08-09,42.88167953491211
2018-08-10,41.77842330932617
2018-08-13,41.43632888793945
2018-08-14,41.15409851074219
2018-08-15,40.58964920043945
2018-08-16,40.34162139892578
2018-08-17,40.28175735473633
2018-08-20,39.768619537353516
2018-08-21,40.72647476196289
2018-08-22,40.23899459838867
2018-08-23,40.179134368896484
2018-08-24,40.76069259643555
2018-08-27,41.350807189941406
2018-08-28,41.53895568847656
2018-08-29,41.692901611328125
2018-08-30,41.25672912597656
2018-08-31,41.419227600097656
2018-09-04,41.01725769042969
2018-09-05,40.81200408935547
2018-09-06,40.41859436035156
2018-09-07,39.72584915161133
2018-09-10,39.597564697265625
2018-09-11,38.425880432128906
2018-09-12,38.425880432128906
2018-09-13,38.973243713378906
2018-09-14,38.94758605957031
2018-09-17,38.84495162963867
2018-09-18,39.426509857177734
2018-09-19,39.46928024291992
2018-09-20,40.36728286743164
2018-09-21,39.90544128417969
2018-09-24,40.11925506591797
2018-09-25,39.264015197753906
2018-09-26,39.08441162109375
2018-09-27,39.238372802734375
2018-09-28,40.44425582885742
2018-10-01,39.72584915161133
2018-10-02,41.13699722290039
2018-10-03,41.701446533203125
2018-10-04,41.162654876708984
2018-10-05,40.221885681152344
2018-10-08,40.221885681152344
2018-10-09,39.811378479003906
2018-10-10,38.31471252441406
2018-10-11,37.82721710205078
2018-10-12,38.38312911987305
2018-10-15,38.08379364013672
2018-10-16,39.2896728515625
2018-10-17,39.246910095214844
2018-10-18,38.46009826660156
2018-10-19,37.63052749633789
2018-10-22,38.49430465698242
2018-10-23,38.058143615722656
2018-10-24,36.27922439575195
2018-10-25,37.89564514160156
2018-10-26,39.075862884521484
2018-10-29,38.82784652709961
2018-10-30,40.84621047973633
2018-10-31,40.09360122680664
2018-11-01,41.23963165283203
2018-11-02,40.29030990600586
2018-11-05,41.025814056396484
2018-11-06,40.66434860229492
2018-11-07,41.92946243286133
2018-11-08,42.161842346191406
2018-11-09,41.404483795166016
2018-11-12,40.14798355102539
2018-11-13,40.78483963012695
2018-11-14,40.52665710449219
2018-11-15,41.404483795166016
2018-11-16,42.024139404296875
2018-11-19,41.309814453125
2018-11-20,40.78483963012695
2018-11-21,40.47501754760742
2018-11-23,40.053314208984375
2018-11-26,40.83647155761719
2018-11-27,41.370059967041016
2018-11-28,42.04995346069336
2018-11-29,41.051639556884766
2018-11-30,42.437232971191406
2018-12-03,43.142940521240234
2018-12-04,41.094661712646484
2018-12-06,41.62824630737305
2018-12-07,39.79512405395508
2018-12-10,40.62992477416992
2018-12-11,40.7762336730957
2018-12-12,41.16351318359375
2018-12-13,41.55940246582031
2018-12-14,41.189327239990234
2018-12-17,40.51805114746094
2018-12-18,41.086055755615234
2018-12-19,39.218509674072266
2018-12-20,39.19268798828125
2018-12-21,38.59026336669922
2018-12-24,37.51447296142578
2018-12-26,39.75209045410156
2018-12-27,39.898406982421875
2018-12-28,40.23403549194336
2018-12-31,40.38895034790039
2019-01-02,40.51805114746094
2019-01-03,38.28903579711914
2019-01-04,40.63853454589844
2019-01-07,40.8278694152832
2019-01-08,41.086055755615234
2019-01-09,41.31843185424805
2019-01-10,41.79176712036133
2019-01-11,42.11020278930664
2019-01-14,41.61103439331055
2019-01-15,41.8261833190918
2019-01-16,41.42169952392578
2019-01-17,41.71430969238281
2019-01-18,42.333953857421875
2019-01-22,41.54218673706055
2019-01-23,41.2581787109375
2019-01-24,42.82451248168945
2019-01-25,40.483619689941406
2019-01-28,40.199615478515625
2019-01-29,40.053314208984375
2019-01-30,40.913936614990234
2019-01-31,40.552467346191406
2019-02-01,41.938072204589844
2019-02-04,42.359779357910156
2019-02-05,43.0396728515625
2019-02-06,43.21721649169922
2019-02-07,42.63693618774414
2019-02-08,42.299163818359375
2019-02-11,42.23855209350586
2019-02-12,43.312477111816406
2019-02-13,43.710872650146484
2019-02-14,44.005340576171875
2019-02-15,44.74150848388672
2019-02-19,44.516326904296875
2019-02-20,44.50767135620117
2019-02-21,44.52499008178711
2019-02-22,45.46035385131836
2019-02-25,45.98865509033203
2019-02-26,46.101234436035156
2019-02-27,46.10989761352539
2019-02-28,45.867401123046875
2019-03-01,46.16187286376953
2019-03-04,46.716156005859375
2019-03-05,46.49098587036133
2019-03-06,45.85873794555664
2019-03-07,45.55562210083008
2019-03-08,45.45168685913086
2019-03-11,46.20517349243164
2019-03-12,46.39570236206055
2019-03-13,47.088565826416016
2019-03-14,46.28312301635742
2019-03-15,47.05393600463867
2019-03-18,46.8547248840332
2019-03-19,46.91535186767578
2019-03-20,46.61222457885742
2019-03-21,47.322418212890625
2019-03-22,46.127235412597656
2019-03-25,45.711509704589844
2019-03-26,46.28312301635742
2019-03-27,46.04063034057617
2019-03-28,45.997314453125
2019-03-29,46.50830078125
2019-04-01,47.20981979370117
2019-04-02,47.079917907714844
2019-04-03,48.04991912841797
2019-04-04,48.43098068237305
2019-04-05,48.15384292602539
2019-04-08,48.22313690185547
2019-04-09,47.911346435546875
2019-04-10,48.28375244140625
2019-04-11,48.327056884765625
2019-04-12,48.8640251159668
2019-04-15,48.74278259277344
2019-04-16,49.11518478393555
2019-04-17,50.717430114746094
2019-04-18,50.65681076049805
2019-04-22,50.94261169433594
2019-04-23,50.9079704284668
2019-04-24,50.856014251708984
2019-04-25,49.8946647644043
2019-04-26,45.40838623046875
2019-04-29,44.26516342163086
2019-04-30,44.20454406738281
2019-05-01,43.962039947509766
2019-05-02,43.78016662597656
2019-05-03,44.819454193115234
2019-05-06,44.632102966308594
2019-05-07,43.98728942871094
2019-05-08,42.906776428222656
2019-05-09,40.62374496459961
2019-05-10,40.257774353027344
2019-05-13,39.00299072265625
2019-05-14,39.36025619506836
2019-05-15,39.752376556396484
2019-05-16,39.6739501953125
2019-05-17,39.11626052856445
2019-05-20,37.957340240478516
2019-05-21,38.74156951904297
2019-05-22,38.34074401855469
2019-05-23,38.802574157714844
2019-05-24,38.83742904663086
2019-05-28,37.96604537963867
2019-05-29,38.54115676879883
2019-05-30,38.97684097290039
2019-05-31,38.375587463378906
2019-06-03,37.870201110839844
2019-06-04,39.02912139892578
2019-06-05,38.81999206542969
2019-06-06,39.299259185791016
2019-06-07,40.10963821411133
2019-06-10,40.78059768676758
2019-06-11,40.82417297363281
2019-06-12,40.362342834472656
2019-06-13,40.69347381591797
2019-06-14,40.249061584472656
2019-06-17,40.196781158447266
2019-06-18,41.27728271484375
2019-06-19,41.015872955322266
2019-06-20,41.12043762207031
2019-06-21,41.355712890625
2019-06-24,41.50385284423828
2019-06-25,40.82417297363281
2019-06-26,41.99182891845703
2019-06-27,41.355712890625
2019-06-28,41.71296691894531
2019-07-01,41.869834899902344
2019-07-02,41.93082046508789
2019-07-03,42.279380798339844
2019-07-05,41.8959846496582
2019-07-08,41.669410705566406
2019-07-09,41.60841369628906
2019-07-10,42.00925064086914
2019-07-11,42.34908676147461
2019-07-12,43.49931716918945
2019-07-15,43.673583984375
2019-07-16,42.84577178955078
2019-07-17,43.037479400634766
2019-07-18,43.51673889160156
2019-07-19,43.804290771484375
2019-07-22,44.745391845703125
2019-07-23,45.09394073486328
2019-07-24,46.11344909667969
2019-07-25,45.451202392578125
2019-07-26,44.95450973510742
2019-07-29,45.75619125366211
2019-07-30,45.05037307739258
2019-07-31,44.04829025268555
2019-08-01,43.13332748413086
2019-08-02,42.41879653930664
2019-08-05,40.92873764038086
2019-08-06,41.1963005065918
2019-08-07,40.994529724121094
2019-08-08,41.38052749633789
2019-08-09,40.336585998535156
2019-08-12,40.00322723388672
2019-08-13,41.09103775024414
2019-08-14,40.240089416503906
2019-08-15,40.09095764160156
2019-08-16,40.792755126953125
2019-08-19,41.433170318603516
2019-08-20,40.880489349365234
2019-08-21,41.36299133300781
2019-08-22,41.038394927978516
2019-08-23,39.44178009033203
2019-08-26,39.96813201904297
2019-08-27,40.16991424560547
2019-08-28,40.16991424560547
2019-08-29,41.117347717285156
2019-08-30,41.5910758972168
2019-09-03,41.213863372802734
2019-09-04,42.915740966796875
2019-09-05,43.95091247558594
2019-09-06,44.670265197753906
2019-09-09,45.25802993774414
2019-09-10,45.45980453491211
2019-09-11,46.31074905395508
2019-09-12,46.50374221801758
2019-09-13,46.09143829345703
2019-09-16,45.79316329956055
2019-09-17,45.573856353759766
2019-09-18,45.38962173461914
2019-09-19,45.24049758911133
2019-09-20,44.49481964111328
2019-09-23,44.65272521972656
2019-09-24,43.705265045166016
2019-09-25,44.75799560546875
2019-09-26,44.670265197753906
2019-09-27,44.547454833984375
2019-09-30,45.20539093017578
2019-10-01,44.529903411865234
2019-10-02,43.32805252075195
2019-10-03,43.88949966430664
2019-10-04,44.670265197753906
2019-10-07,44.40708923339844
2019-10-08,43.62632369995117
2019-10-09,44.284271240234375
2019-10-10,44.836952209472656
2019-10-11,45.69666290283203
2019-10-14,45.30189895629883
2019-10-15,46.18794250488281
2019-10-16,46.01248550415039
2019-10-17,45.494895935058594
2019-10-18,45.0562629699707
2019-10-21,45.73176574707031
2019-10-22,45.62648391723633
2019-10-23,45.3720817565918
2019-10-24,45.81948471069336
2019-10-25,49.53030776977539
2019-10-28,49.793487548828125
2019-10-29,49.4250373840332
2019-10-30,49.65312576293945
2019-10-31,49.59172439575195
2019-11-01,49.57416915893555
2019-11-04,50.53916931152344
2019-11-05,50.48652648925781
2019-11-06,50.8084831237793
2019-11-07,51.20542526245117
2019-11-08,51.399497985839844
2019-11-11,51.470054626464844
2019-11-12,51.33774948120117
2019-11-13,51.06429672241211
2019-11-14,50.99374008178711
2019-11-15,51.12603759765625
2019-11-18,51.38184356689453
2019-11-19,51.470054626464844
2019-11-20,51.0731201171875
2019-11-21,51.35538101196289
2019-11-22,50.81732177734375
2019-11-25,51.875831604003906
2019-11-26,51.95520782470703
2019-11-27,51.61118698120117
2019-11-29,51.20542526245117
2019-12-02,50.861419677734375
2019-12-03,49.45888900756836
2019-12-04,49.4147834777832
2019-12-05,49.46772003173828
2019-12-06,50.11164093017578
2019-12-09,49.864654541015625
2019-12-10,49.91757583618164
2019-12-11,50.34098434448242
2019-12-12,50.76438522338867
2019-12-13,50.9760856628418
2019-12-16,50.89670181274414
2019-12-17,50.54386901855469
2019-12-18,50.42919158935547
2019-12-19,51.12603759765625
2019-12-20,51.99931335449219
2019-12-23,52.24629592895508
2019-12-24,52.40507507324219
2019-12-26,52.766727447509766
2019-12-27,52.99607849121094
2019-12-30,52.59031677246094
2019-12-31,52.79319763183594
2020-01-02,53.66646957397461
2020-01-03,53.01371383666992
2020-01-06,52.86376190185547
2020-01-07,51.9816780090332
2020-01-08,52.01694869995117
2020-01-09,52.308040618896484
2020-01-10,51.99049377441406
2020-01-13,52.56385040283203
2020-01-14,52.42272186279297
2020-01-15,51.99049377441406
2020-01-16,52.62560272216797
2020-01-17,52.57267379760742
2020-01-21,53.4106559753418
2020-01-22,55.333614349365234
2020-01-23,55.85405731201172
2020-01-24,60.39683151245117
2020-01-27,57.94461441040039
2020-01-28,59.37360382080078
2020-01-29,58.50917053222656
2020-01-30,58.63264083862305
2020-01-31,56.39213180541992
2020-02-03,56.824363708496094
2020-02-04,57.741737365722656
2020-02-05,59.40006637573242
2020-02-06,59.47098159790039
2020-02-07,58.52248764038086
2020-02-10,58.850467681884766
2020-02-11,59.754638671875
2020-02-12,59.79895782470703
2020-02-13,59.781246185302734
2020-02-14,59.63053512573242
2020-02-18,58.62887191772461
2020-02-19,59.48871612548828
2020-02-20,58.01723098754883
2020-02-21,57.03328323364258
2020-02-24,54.746280670166016
2020-02-25,52.946815490722656
2020-02-26,52.87589645385742
2020-02-27,49.48971939086914
2020-02-28,49.21492004394531
2020-03-02,51.57284164428711
2020-03-03,49.61381530761719
2020-03-04,52.01605224609375
2020-03-05,50.491390228271484
2020-03-06,49.4365234375
2020-03-09,45.07527160644531
2020-03-10,47.84981155395508
2020-03-11,45.79327392578125
2020-03-12,40.3682861328125
2020-03-13,48.24870681762695
2020-03-16,39.54390335083008
2020-03-17,44.39271545410156
2020-03-18,42.203208923339844
2020-03-19,40.72286605834961
2020-03-20,40.6253547668457
2020-03-23,43.94948959350586
2020-03-24,46.449241638183594
2020-03-25,45.438697814941406
2020-03-26,49.232643127441406
2020-03-27,46.422645568847656
2020-03-30,49.188316345214844
2020-03-31,47.973899841308594
2020-04-01,45.98828887939453
2020-04-02,48.17778778076172
2020-04-03,47.98277282714844
2020-04-06,51.79444885253906
2020-04-07,51.76784896850586
2020-04-08,52.281986236572266
2020-04-09,50.650936126708984
2020-04-13,52.03377914428711
2020-04-14,53.77119827270508
2020-04-15,52.18447494506836
2020-04-16,53.886436462402344
2020-04-17,53.50526428222656
2020-04-20,52.45927429199219
2020-04-21,49.959529876708984
2020-04-22,53.2747917175293
2020-04-23,52.33517074584961
2020-04-24,52.53018569946289
2020-04-27,52.71633529663086
2020-04-28,52.07810592651367
2020-04-29,54.78173065185547
2020-04-30,53.16841506958008
2020-05-01,50.94346237182617
2020-05-04,51.404415130615234
2020-05-05,52.07810592651367
2020-05-06,52.7556037902832
2020-05-07,52.746681213378906
2020-05-08,53.19240951538086
2020-05-11,53.602474212646484
2020-05-12,52.05136489868164
2020-05-13,51.471923828125
2020-05-14,52.666465759277344
2020-05-15,51.953304290771484
2020-05-18,53.415279388427734
2020-05-19,53.7451057434082
2020-05-20,56.25006103515625
2020-05-21,55.25163269042969
2020-05-22,55.501243591308594
2020-05-26,55.57255935668945
2020-05-27,56.66012954711914
2020-05-28,55.002044677734375
2020-05-29,56.09851837158203
2020-06-01,55.14467239379883
2020-06-02,55.376441955566406
2020-06-03,55.20706558227539
2020-06-04,56.134178161621094
2020-06-05,57.35545349121094
2020-06-08,56.7581787109375
2020-06-09,56.196571350097656
2020-06-10,56.93647003173828
2020-06-11,53.21915817260742
2020-06-12,52.889320373535156
2020-06-15,53.57573318481445
2020-06-16,53.843162536621094
2020-06-17,53.92339324951172
2020-06-18,53.55790328979492
2020-06-19,53.14783477783203
2020-06-22,53.56681442260742
2020-06-23,53.415279388427734
2020-06-24,52.67538070678711
2020-06-25,52.15834045410156
2020-06-26,51.25797653198242
2020-06-29,51.94439697265625
2020-06-30,53.335044860839844
2020-07-01,52.42577362060547
2020-07-02,52.71103286743164
2020-07-06,53.07651901245117
2020-07-07,51.98004913330078
2020-07-08,52.24747848510742
2020-07-09,52.078102111816406
2020-07-10,53.06761169433594
2020-07-13,52.220741271972656
2020-07-14,52.57731628417969
2020-07-15,52.62187957763672
2020-07-16,52.71995162963867
2020-07-17,53.48658752441406
2020-07-20,54.511741638183594
2020-07-21,54.110595703125
2020-07-22,54.4225959777832
2020-07-23,53.843162536621094
2020-07-24,45.09810256958008
2020-07-27,44.18883514404297
2020-07-28,43.89466094970703
2020-07-29,42.85166549682617
2020-07-30,42.78035354614258
2020-07-31,42.548580169677734
2020-08-03,43.056705474853516
2020-08-04,43.796600341796875
2020-08-05,43.6093864440918
2020-08-06,43.59144973754883
2020-08-07,43.1068000793457
2020-08-10,44.1748161315918
2020-08-11,43.250396728515625
2020-08-12,44.147891998291016
2020-08-13,43.58247375488281
2020-08-14,43.87864303588867
2020-08-17,43.914546966552734
2020-08-18,43.66324234008789
2020-08-19,43.37605285644531
2020-08-20,44.129940032958984
2020-08-21,44.22867202758789
2020-08-24,44.10301971435547
2020-08-25,44.36328887939453
2020-08-26,44.47099304199219
2020-08-27,44.33637237548828
2020-08-28,45.26079177856445
2020-08-31,45.72748565673828
2020-09-01,45.58388900756836
2020-09-02,46.89423370361328
2020-09-03,45.22488784790039
2020-09-04,44.94667053222656
2020-09-08,43.8965950012207
2020-09-09,44.5338134765625
2020-09-10,43.941471099853516
2020-09-11,44.22867202758789
2020-09-14,44.3453483581543
2020-09-15,44.8748664855957
2020-09-16,45.206932067871094
2020-09-17,45.16206359863281
2020-09-18,44.776145935058594
2020-09-21,44.623565673828125
2020-09-22,44.829994201660156
2020-09-23,43.81581497192383
2020-09-24,44.120967864990234
2020-09-25,44.82101821899414
2020-09-28,46.158287048339844
2020-09-29,45.94289016723633
2020-09-30,46.472412109375
2020-10-01,46.88526916503906
2020-10-02,45.78133773803711
2020-10-05,46.391639709472656
2020-10-06,46.104434967041016
2020-10-07,47.27118682861328
2020-10-08,47.899436950683594
2020-10-09,47.40580749511719
2020-10-12,48.35716247558594
2020-10-13,48.312286376953125
2020-10-14,48.06098556518555
2020-10-15,48.33022689819336
2020-10-16,48.608463287353516
2020-10-19,48.985408782958984
2020-10-20,47.953285217285156
2020-10-21,48.01610565185547
2020-10-22,48.37510299682617
2020-10-23,43.259376525878906
2020-10-26,41.93107604980469
2020-10-27,40.96177673339844
2020-10-28,39.714256286621094
2020-10-29,39.58860397338867
2020-10-30,39.741180419921875
2020-11-02,39.90272903442383
2020-11-03,40.25276184082031
2020-11-04,41.015625
2020-11-05,41.29587936401367
2020-11-06,41.03370666503906
2020-11-09,41.22355270385742
2020-11-10,41.07891082763672
2020-11-11,41.90156555175781
2020-11-12,40.63593292236328
2020-11-13,41.096988677978516
2020-11-16,41.75692367553711
2020-11-17,41.16027069091797
2020-11-18,40.73538589477539
2020-11-19,41.24164581298828
2020-11-20,41.03370666503906
2020-11-23,41.639404296875
2020-11-24,42.498226165771484
2020-11-25,42.534385681152344
2020-11-27,42.895999908447266
2020-11-30,43.70962905883789
2020-12-01,44.803489685058594
2020-12-02,45.110862731933594
2020-12-03,46.09625244140625
2020-12-04,47.000282287597656
2020-12-07,45.382076263427734
2020-12-08,45.82503890991211
2020-12-09,45.264549255371094
2020-12-10,45.43630599975586
2020-12-11,44.957176208496094
2020-12-14,45.62615203857422
2020-12-15,45.80695724487305
2020-12-16,46.21376419067383
2020-12-17,45.78887939453125
2020-12-18,42.905033111572266
2020-12-21,41.910606384277344
2020-12-22,41.73884201049805
2020-12-23,42.1004524230957
2020-12-24,42.552467346191406
2020-12-28,42.552467346191406
2020-12-29,44.64980697631836
2020-12-30,44.07123565673828
2020-12-31,45.038536071777344
2021-01-04,44.902931213378906
2021-01-05,45.752716064453125
2021-01-06,46.19569396972656
2021-01-07,47.18107604980469
2021-01-08,46.692909240722656
2021-01-11,46.59346389770508
2021-01-12,48.13031005859375
2021-01-13,51.4842414855957
2021-01-14,53.56349563598633
2021-01-15,52.05378341674805
2021-01-19,52.42443084716797
2021-01-20,53.03916931152344
2021-01-21,56.46541976928711
2021-01-22,51.22208023071289
2021-01-25,50.11915969848633
2021-01-26,49.91123580932617
2021-01-27,48.446720123291016
2021-01-28,50.688697814941406
2021-01-29,50.18244552612305
2021-02-01,51.24918746948242
2021-02-02,52.4334716796875
2021-02-03,52.1441764831543
2021-02-04,53.47024917602539
2021-02-05,52.91543960571289
2021-02-08,53.806766510009766
2021-02-09,53.461158752441406
2021-02-10,53.53391647338867
2021-02-11,55.17103958129883
2021-02-12,56.21697235107422
2021-02-16,56.81725311279297
2021-02-17,56.25335693359375
2021-02-18,56.03507995605469
2021-02-19,57.308387756347656
2021-02-22,55.21651077270508
2021-02-23,55.589412689208984
2021-02-24,57.472103118896484
2021-02-25,54.934574127197266
2021-02-26,55.280174255371094
2021-03-01,57.190155029296875
2021-03-02,55.69855499267578
2021-03-03,54.47980880737305
2021-03-04,53.05187225341797
2021-03-05,55.243797302246094
2021-03-08,54.434329986572266
2021-03-09,56.99916076660156
2021-03-10,56.617156982421875
2021-03-11,57.58124923706055
2021-03-12,57.20834732055664
2021-03-15,58.01781463623047
2021-03-16,58.91823196411133
2021-03-17,59.827735900878906
2021-03-18,57.96323776245117
2021-03-19,57.99052810668945
2021-03-22,59.69131088256836
2021-03-23,57.73586654663086
2021-03-24,56.42616271972656
2021-03-25,56.40797805786133
2021-03-26,59.00008773803711
2021-03-29,58.663570404052734
2021-03-30,57.99961853027344
2021-03-31,58.20881271362305
2021-04-01,58.709041595458984
2021-04-05,60.51898193359375
2021-04-06,59.627655029296875
2021-04-07,60.255218505859375
2021-04-08,60.982826232910156
2021-04-09,62.08333206176758
2021-04-12,59.49122619628906
2021-04-13,59.31842803955078
2021-04-14,58.381622314453125
2021-04-15,59.136512756347656
2021-04-16,58.89094161987305
2021-04-19,57.87228775024414
2021-04-20,57.02644348144531
2021-04-21,57.93595504760742
2021-04-22,56.90821075439453
2021-04-23,53.87953186035156
2021-04-26,53.442955017089844
2021-04-27,52.724449157714844
2021-04-28,52.406124114990234
2021-04-29,53.00639724731445
2021-04-30,52.32425308227539
2021-05-03,52.07868957519531
2021-05-04,51.75127029418945
2021-05-05,51.70579147338867
2021-05-06,52.33539581298828
2021-05-07,52.77465057373047
2021-05-10,51.218955993652344
2021-05-11,50.367897033691406
2021-05-12,49.06843566894531
2021-05-13,49.42532730102539
2021-05-14,50.65158462524414
2021-05-17,50.633277893066406
2021-05-18,50.18487548828125
2021-05-19,50.66072463989258
2021-05-20,51.200645446777344
2021-05-21,51.319618225097656
2021-05-24,52.12491989135742
2021-05-25,52.04254913330078
2021-05-26,52.088314056396484
2021-05-27,52.829551696777344
2021-05-28,52.271339416503906
2021-06-01,52.06087112426758
2021-06-02,52.60077667236328
2021-06-03,51.46603775024414
2021-06-04,52.500118255615234
2021-06-07,52.24388122558594
2021-06-08,52.16152572631836
2021-06-09,52.16152572631836
2021-06-10,52.50926971435547
2021-06-11,52.93936538696289
2021-06-14,53.25050354003906
2021-06-15,53.06748962402344
2021-06-16,52.362850189208984
2021-06-17,52.32624053955078
2021-06-18,50.94441604614258
2021-06-21,51.12744140625
2021-06-22,51.12744140625
2021-06-23,50.56922149658203
2021-06-24,51.310462951660156
2021-06-25,51.16404724121094
2021-06-28,52.60077667236328
2021-06-29,51.93274688720703
2021-06-30,51.3745231628418
2021-07-01,51.25555419921875
2021-07-02,51.941890716552734
2021-07-06,51.32876968383789
2021-07-07,51.20980453491211
2021-07-08,50.68818664550781
2021-07-09,51.23725891113281
2021-07-12,51.91444778442383
2021-07-13,52.04254913330078
2021-07-14,51.72227096557617
2021-07-15,51.072540283203125
2021-07-16,50.3038444519043
2021-07-19,50.001853942871094
2021-07-20,50.55092239379883
2021-07-21,51.45689010620117
2021-07-22,51.20980453491211
2021-07-23,48.50107192993164
2021-07-26,49.69987106323242
2021-07-27,48.66579055786133
2021-07-28,48.56511688232422
2021-07-29,49.14165115356445
2021-07-30,49.159942626953125
2021-08-02,49.12333679199219
2021-08-03,49.47108840942383
2021-08-04,49.324668884277344
2021-08-05,49.635986328125
2021-08-06,49.663604736328125
2021-08-09,49.783355712890625
2021-08-10,49.682037353515625
2021-08-11,49.86625289916992
2021-08-12,49.31361389160156
2021-08-13,49.26756286621094
2021-08-16,49.249141693115234
2021-08-17,48.53070831298828
2021-08-18,48.0701789855957
2021-08-19,48.300445556640625
2021-08-20,47.904388427734375
2021-08-23,49.0280876159668
2021-08-24,49.56230163574219
2021-08-25,49.56230163574219
2021-08-26,48.935977935791016
2021-08-27,49.635986328125
2021-08-30,49.682037353515625
2021-08-31,49.79256820678711
2021-09-01,49.433353424072266
2021-09-02,49.488616943359375
2021-09-03,49.285980224609375
2021-09-07,49.41493606567383
2021-09-08,49.341243743896484
2021-09-09,49.184661865234375
2021-09-10,49.589927673339844
2021-09-13,50.64915466308594
2021-09-14,50.21625900268555
2021-09-15,50.768882751464844
2021-09-16,50.50178527832031
2021-09-17,49.976783752441406
2021-09-20,48.797821044921875
2021-09-21,48.696502685546875
2021-09-22,49.27677536010742
2021-09-23,49.76493835449219
2021-09-24,49.939937591552734
2021-09-27,50.34519577026367
2021-09-28,49.737300872802734
2021-09-29,49.26756286621094
2021-09-30,49.074134826660156
2021-10-01,49.60835266113281
2021-10-04,49.249141693115234
2021-10-05,49.691246032714844
2021-10-06,49.718875885009766
2021-10-07,49.90309524536133
2021-10-08,49.56230163574219
2021-10-11,49.22150421142578
2021-10-12,48.051761627197266
2021-10-13,48.13465881347656
2021-10-14,49.64519500732422
2021-10-15,50.16099548339844
2021-10-18,50.170196533203125
2021-10-19,50.85177993774414
2021-10-20,50.9991569519043
2021-10-21,51.57943344116211
2021-10-22,45.55567932128906
2021-10-25,45.50963592529297
2021-10-26,44.46882629394531
2021-10-27,44.109619140625
2021-10-28,44.28461456298828
2021-10-29,45.131996154785156
2021-11-01,45.638580322265625
2021-11-02,45.924110412597656
2021-11-03,46.41227340698242
2021-11-04,46.66082763671875
2021-11-05,47.22658920288086
2021-11-08,47.81089401245117
2021-11-09,47.48627853393555
2021-11-10,47.07818603515625
2021-11-11,46.86487579345703
2021-11-12,46.66082763671875
2021-11-15,46.670108795166016
2021-11-16,46.93906784057617
2021-11-17,46.586631774902344
2021-11-18,46.076534271240234
2021-11-19,45.92813491821289
2021-11-22,46.21565628051758
2021-11-23,45.53860092163086
2021-11-24,46.150718688964844
2021-11-26,45.2418098449707
2021-11-29,46.37332534790039
2021-11-30,45.63134765625
2021-12-01,45.074867248535156
2021-12-02,45.90959167480469
2021-12-03,45.67771530151367
2021-12-06,47.2915153503418
2021-12-07,48.75690841674805
2021-12-08,47.996376037597656
2021-12-09,46.818504333496094
2021-12-10,46.9205207824707
2021-12-13,46.37332534790039
2021-12-14,46.09507369995117
2021-12-15,46.99471664428711
2021-12-16,47.143123626708984
2021-12-17,46.94834899902344
2021-12-20,46.0023307800293
2021-12-21,47.08747482299805
2021-12-22,47.2729606628418
2021-12-23,47.58830261230469
2021-12-27,48.172603607177734
2021-12-28,48.00565719604492
2021-12-29,48.070587158203125
2021-12-30,47.98712158203125
2021-12-31,47.76451873779297
2022-01-03,49.35049057006836
2022-01-04,49.28556442260742
2022-01-05,49.962615966796875
2022-01-06,50.09246063232422
2022-01-07,49.563804626464844
2022-01-10,51.20541000366211
2022-01-11,51.85464096069336
2022-01-12,51.69697952270508
2022-01-13,50.95500183105469
2022-01-14,51.65987777709961
2022-01-18,50.78805923461914
2022-01-19,49.73074722290039
2022-01-20,48.26535415649414
2022-01-21,48.26535415649414
2022-01-24,48.172603607177734
2022-01-25,47.30078887939453
2022-01-26,47.94073486328125
2022-01-27,44.564754486083984
2022-01-28,44.26796340942383
2022-01-31,45.27891159057617
2022-02-01,45.39948272705078
2022-02-02,45.918861389160156
2022-02-03,44.778076171875
2022-02-04,44.86685562133789
2022-02-07,45.025726318359375
2022-02-08,45.61448669433594
2022-02-09,46.6424674987793
2022-02-10,45.66120910644531
2022-02-11,44.51173782348633
2022-02-14,44.46500778198242
2022-02-15,45.268707275390625
2022-02-16,45.07246017456055
2022-02-17,44.455665588378906
2022-02-18,42.0912971496582
2022-02-22,41.76421356201172
2022-02-23,41.72683334350586
2022-02-24,43.66130447387695
2022-02-25,44.58649444580078
2022-02-28,44.577152252197266
2022-03-01,43.754764556884766
2022-03-02,45.67055130004883
2022-03-03,44.79209518432617
2022-03-04,44.92293167114258
2022-03-07,44.55845642089844
2022-03-08,44.39024353027344
2022-03-09,44.51173782348633
2022-03-10,43.60524368286133
2022-03-11,42.8295783996582
2022-03-14,41.49319839477539
2022-03-15,41.87635803222656
2022-03-16,43.57719802856445
2022-03-17,44.05381774902344
2022-03-18,44.34352111816406
2022-03-21,44.28744125366211
2022-03-22,45.22197341918945
2022-03-23,45.10983657836914
2022-03-24,48.24051284790039
2022-03-25,48.436767578125
2022-03-28,48.137718200683594
2022-03-29,48.82927322387695
2022-03-30,48.062957763671875
2022-03-31,46.31538391113281
2022-04-01,44.96030807495117
2022-04-04,45.97895050048828
2022-04-05,44.979000091552734
2022-04-06,44.42762756347656
2022-04-07,44.44632339477539
2022-04-08,43.94166564941406
2022-04-11,43.52112579345703
2022-04-12,43.455711364746094
2022-04-13,43.93232345581055
2022-04-14,42.680057525634766
2022-04-18,43.5865478515625
2022-04-19,44.79209518432617
2022-04-20,44.96030807495117
2022-04-21,44.39024353027344
2022-04-22,43.49309539794922
2022-04-25,43.97905349731445
2022-04-26,42.53987121582031
2022-04-27,42.259517669677734
2022-04-28,43.773460388183594
2022-04-29,40.73623275756836
2022-05-02,42.01653289794922
2022-05-03,42.109989166259766
2022-05-04,43.49309539794922
2022-05-05,42.00957489013672
2022-05-06,41.72699737548828
2022-05-09,40.56843566894531
2022-05-10,41.45383834838867
2022-05-11,40.34238052368164
2022-05-12,40.35179901123047
2022-05-13,41.06766128540039
2022-05-16,40.57786560058594
2022-05-17,41.82118606567383
2022-05-18,39.890254974365234
2022-05-19,39.56999969482422
2022-05-20,39.23091506958008
2022-05-23,39.560585021972656
2022-05-24,39.24974822998047
2022-05-25,39.74897003173828
2022-05-26,40.954627990722656
2022-05-27,41.96247863769531
2022-05-31,41.840030670166016
2022-06-01,41.54803466796875
2022-06-02,42.235633850097656
2022-06-03,40.86985397338867
2022-06-06,40.822757720947266
2022-06-07,41.00172424316406
2022-06-08,38.83530807495117
2022-06-09,37.68616485595703
2022-06-10,36.90437698364258
2022-06-13,35.576271057128906
2022-06-14,35.72697067260742
2022-06-15,36.40515899658203
2022-06-16,35.17124938964844
2022-06-17,34.822731018066406
2022-06-21,35.53858947753906
2022-06-22,35.20892333984375
2022-06-23,35.23717498779297
2022-06-24,36.36747741699219
2022-06-27,36.38632583618164
2022-06-28,35.58568572998047
2022-06-29,35.124149322509766
2022-06-30,35.23717498779297
2022-07-01,34.22932815551758
2022-07-05,34.558998107910156
2022-07-06,34.841575622558594
2022-07-07,35.924781799316406
2022-07-08,35.78349304199219
2022-07-11,35.03937911987305
2022-07-12,35.04879379272461
2022-07-13,35.04879379272461
2022-07-14,35.519752502441406
2022-07-15,36.37689971923828
2022-07-18,36.461669921875
2022-07-19,37.883975982666016
2022-07-20,38.204227447509766
2022-07-21,38.251319885253906
2022-07-22,36.923213958740234
2022-07-25,36.88554000854492
2022-07-26,36.69715118408203
2022-07-27,37.84629440307617
2022-07-28,37.403587341308594
2022-07-29,34.201072692871094
2022-08-01,34.813316345214844
2022-08-02,33.91848373413086
2022-08-03,34.39887237548828
2022-08-04,33.927913665771484
2022-08-05,33.671024322509766
2022-08-08,33.661521911621094
2022-08-09,32.84328842163086
2022-08-10,33.65199661254883
2022-08-11,33.8613166809082
2022-08-12,34.35606002807617
2022-08-15,34.57488250732422
2022-08-16,34.43217086791992
2022-08-17,34.04207992553711
2022-08-18,34.44168472290039
2022-08-19,33.661521911621094
2022-08-22,32.196319580078125
2022-08-23,32.30097198486328
2022-08-24,32.2153434753418
2022-08-25,33.195316314697266
2022-08-26,31.739633560180664
2022-08-29,31.340028762817383
2022-08-30,30.693058013916016
2022-08-31,30.36957359313965
2022-09-01,30.21734619140625
2022-09-02,29.703577041625977
2022-09-06,28.885347366333008
2022-09-07,29.1612606048584
2022-09-08,29.25640296936035
2022-09-09,29.931915283203125
2022-09-12,30.02705955505371
2022-09-13,27.867319107055664
2022-09-14,27.762662887573242
2022-09-15,27.439176559448242
2022-09-16,27.819744110107422
2022-09-19,28.010034561157227
2022-09-20,27.553346633911133
2022-09-21,27.087146759033203
2022-09-22,26.706579208374023
2022-09-23,26.183292388916016
2022-09-26,25.660005569458008
2022-09-27,25.583894729614258
2022-09-28,25.812232971191406
2022-09-29,25.098663330078125
2022-09-30,24.518295288085938
2022-10-03,25.660005569458008
2022-10-04,26.354549407958984
2022-10-05,26.297462463378906
2022-10-06,25.859806060791016
2022-10-07,24.47072410583496
2022-10-10,23.975980758666992
2022-10-11,23.82375144958496
2022-10-12,24.09966468811035
2022-10-13,25.136720657348633
2022-10-14,24.6514949798584
2022-10-17,25.136720657348633
2022-10-18,24.61343765258789
2022-10-19,24.73712158203125
2022-10-20,24.813236236572266
2022-10-21,25.660005569458008
2022-10-24,25.859806060791016
2022-10-25,26.07863426208496
2022-10-26,25.888347625732422
2022-10-27,24.994009017944336
2022-10-28,27.65800666809082
2022-10-31,27.049091339111328
2022-11-01,26.925405502319336
2022-11-02,26.08814811706543
2022-11-03,26.05960464477539
2022-11-04,27.192636489868164
2022-11-07,27.395130157470703
2022-11-08,27.46263313293457
2022-11-09,26.53692626953125
2022-11-10,28.69690704345703
2022-11-11,29.342973709106445
2022-11-14,29.265832901000977
2022-11-15,29.61296844482422
2022-11-16,28.47512435913086
2022-11-17,28.822261810302734
2022-11-18,28.802976608276367
2022-11-21,27.906200408935547
2022-11-22,28.754762649536133
2022-11-23,28.610122680664062
2022-11-25,28.29191017150879
2022-11-28,27.70370101928711
2022-11-29,27.867626190185547
2022-11-30,28.995832443237305
2022-12-01,28.764406204223633
2022-12-02,28.35940933227539
2022-12-05,28.127981185913086
2022-12-06,27.578344345092773
2022-12-07,27.317991256713867
2022-12-08,27.42405891418457
2022-12-09,27.231203079223633
2022-12-12,27.665130615234375
2022-12-13,27.70370101928711
2022-12-14,27.250492095947266
2022-12-15,26.180139541625977
2022-12-16,25.958358764648438
2022-12-19,25.8330020904541
2022-12-20,25.495506286621094
2022-12-21,25.87157440185547
2022-12-22,25.04229164123535
2022-12-23,25.15800666809082
2022-12-27,25.013364791870117
2022-12-28,24.627656936645508
2022-12-29,25.273717880249023
2022-12-30,25.485858917236328
2023-01-03,25.775144577026367
2023-01-04,26.691207885742188
2023-01-05,26.57549476623535
2023-01-06,27.70370101928711
2023-01-09,28.26297950744629
2023-01-10,28.388336181640625
2023-01-11,28.783693313598633
2023-01-12,29.207975387573242
2023-01-13,29.034404754638672
2023-01-17,28.54262351989746
2023-01-18,27.780841827392578
2023-01-19,27.40477180480957
2023-01-20,28.17619514465332
2023-01-23,29.18868637084961
2023-01-24,28.8511905670166
2023-01-25,28.63905143737793
2023-01-26,29.015121459960938
2023-01-27,27.154062271118164
2023-01-30,26.951562881469727
2023-01-31,27.250492095947266
2023-02-01,28.03155517578125
2023-02-02,29.111547470092773
2023-02-03,29.23689842224121
2023-02-06,28.002227783203125
2023-02-07,28.353593826293945
2023-02-08,27.563013076782227
2023-02-09,27.06523895263672
2023-02-10,27.133563995361328
2023-02-13,27.865583419799805
2023-02-14,27.953426361083984
2023-02-15,28.158390045166016
2023-02-16,27.523975372314453
2023-02-17,26.948118209838867
2023-02-21,25.435274124145508
2023-02-22,24.859416961669922
2023-02-23,24.996063232421875
2023-02-24,24.53732681274414
2023-02-27,24.303083419799805
2023-02-28,24.332365036010742
2023-03-01,24.722774505615234
2023-03-02,25.571918487548828
2023-03-03,25.767122268676758
2023-03-06,25.366952896118164
2023-03-07,24.91798210144043
2023-03-08,25.35719108581543
2023-03-09,25.80616569519043
2023-03-10,26.567466735839844
2023-03-13,26.303937911987305
2023-03-14,27.33852767944336
2023-03-15,27.72893714904785
2023-03-16,29.45650863647461
2023-03-17,29.09537696838379
2023-03-20,28.46095848083496
2023-03-21,27.777742385864258
2023-03-22,27.45564842224121
2023-03-23,28.334077835083008
2023-03-24,28.656166076660156
2023-03-27,28.480480194091797
2023-03-28,28.58784294128418
2023-03-29,30.764385223388672
2023-03-30,31.320720672607422
2023-03-31,31.88681411743164
2023-04-03,32.10154724121094
2023-04-04,32.30650329589844
2023-04-05,32.0429801940918
2023-04-06,32.023460388183594
2023-04-10,31.74040985107422
2023-04-11,31.574485778808594
2023-04-12,31.252395629882812
2023-04-13,31.359764099121094
2023-04-14,31.12551498413086
2023-04-17,31.369518280029297
2023-04-18,31.066953659057617
2023-04-19,30.40325355529785
2023-04-20,30.120206832885742
2023-04-21,29.57362937927246
2023-04-24,28.948974609375
2023-04-25,28.18766975402832
2023-04-26,28.353593826293945
2023-04-27,29.144176483154297
2023-04-28,30.315412521362305
2023-05-01,29.57362937927246
2023-05-02,29.056337356567383
2023-05-03,29.915241241455078
2023-05-04,30.61595916748047
2023-05-05,30.37095069885254
2023-05-08,30.155349731445312
2023-05-09,29.49873161315918
2023-05-10,29.371326446533203
2023-05-11,28.28350067138672
2023-05-12,28.3717041015625
2023-05-15,29.20472526550293
2023-05-16,28.636308670043945
2023-05-17,28.29330062866211
2023-05-18,29.087120056152344
2023-05-19,29.33212661743164
2023-05-22,29.675134658813477
2023-05-23,28.920516967773438
2023-05-24,28.420703887939453
2023-05-25,26.852664947509766
2023-05-26,28.420703887939453
2023-05-30,29.390926361083984
2023-05-31,30.811962127685547
2023-06-01,30.508153915405273
2023-06-02,30.684560775756836
2023-06-05,29.263525009155273
2023-06-06,30.341552734375
2023-06-07,30.65515899658203
2023-06-08,31.184371948242188
2023-06-09,30.713960647583008
2023-06-12,32.40940475463867
2023-06-13,33.23262023925781
2023-06-14,34.869266510009766
2023-06-15,35.104469299316406
2023-06-16,35.64347839355469
2023-06-20,34.30084991455078
2023-06-21,32.2427978515625
2023-06-22,32.05659484863281
2023-06-23,32.34080505371094
2023-06-26,32.67401123046875
2023-06-27,33.418827056884766
2023-06-28,32.8994140625
2023-06-29,32.252601623535156
2023-06-30,32.772010803222656
2023-07-03,32.94841766357422
2023-07-05,31.860584259033203
2023-07-06,31.33137321472168
2023-07-07,31.213773727416992
2023-07-10,32.08599853515625
2023-07-11,32.63480758666992
2023-07-12,33.30121994018555
2023-07-13,33.193424224853516
2023-07-14,32.4878044128418
2023-07-17,33.68343734741211
2023-07-18,33.81084060668945
2023-07-19,33.77163314819336
2023-07-20,32.70341110229492
2023-07-21,33.340423583984375
2023-07-24,32.958213806152344
2023-07-25,33.418827056884766
2023-07-26,33.67363357543945
2023-07-27,33.85983657836914
2023-07-28,36.09429168701172
2023-07-31,35.05546951293945
2023-08-01,35.084869384765625
2023-08-02,33.703033447265625
2023-08-03,34.17344284057617
2023-08-04,34.56195068359375
2023-08-07,34.65047073364258
2023-08-08,34.44392013549805
2023-08-09,33.71609115600586
2023-08-10,34.109519958496094
2023-08-11,34.316062927246094
2023-08-14,35.09306335449219
2023-08-15,34.19803237915039
2023-08-16,32.978431701660156
2023-08-17,32.04405975341797
2023-08-18,32.211265563964844
2023-08-21,32.5948486328125
2023-08-22,32.348960876464844
2023-08-23,33.42103576660156
2023-08-24,32.053897857666016
2023-08-25,32.70303726196289
2023-08-28,33.06695556640625
2023-08-29,33.745601654052734
2023-08-30,33.96198272705078
2023-08-31,34.56195068359375
2023-09-01,36.00776672363281
2023-09-05,36.10612106323242
2023-09-06,36.371681213378906
2023-09-07,37.551937103271484
2023-09-08,37.384735107421875
2023-09-11,37.955196380615234
2023-09-12,38.22075653076172
2023-09-13,38.07322311401367
2023-09-14,38.033878326416016
2023-09-15,37.25687789916992
2023-09-18,37.36506652832031
2023-09-19,35.742210388183594
2023-09-20,34.119346618652344
2023-09-21,34.08000946044922
2023-09-22,33.61773681640625
2023-09-25,33.72593307495117
2023-09-26,33.273502349853516
2023-09-27,34.04066848754883
2023-09-28,34.60129165649414
2023-09-29,34.9651985168457
2023-10-02,34.876686096191406
2023-10-03,35.102901458740234
2023-10-04,35.338951110839844
2023-10-05,35.29961013793945
2023-10-06,35.59467315673828
2023-10-09,35.46681594848633
2023-10-10,35.830726623535156
2023-10-11,36.27333068847656
2023-10-12,36.23398208618164
2023-10-13,35.378299713134766
2023-10-16,35.958587646484375
2023-10-17,35.46681594848633
2023-10-18,35.05372619628906
2023-10-19,35.083229064941406
2023-10-20,34.34556579589844
2023-10-23,33.29316711425781
2023-10-24,34.02099609375
2023-10-25,32.28995132446289
2023-10-26,31.985048294067383
2023-10-27,34.95537185668945
2023-10-30,35.102901458740234
2023-10-31,35.89957809448242
2023-11-01,36.67658233642578
2023-11-02,37.07984161376953
2023-11-03,37.51259994506836
2023-11-06,37.448455810546875
2023-11-07,38.25762176513672
2023-11-08,37.418853759765625
2023-11-09,37.300437927246094
2023-11-10,38.346431732177734
2023-11-13,37.72475814819336
2023-11-14,38.889163970947266
2023-11-15,40.073307037353516
2023-11-16,42.77709197998047
2023-11-17,43.231014251708984
2023-11-20,44.14872360229492
2023-11-21,43.06325912475586
2023-11-22,43.09286117553711
2023-11-24,43.379032135009766
2023-11-27,43.4974479675293
2023-11-28,43.64546203613281
2023-11-29,44.3460807800293
2023-11-30,44.109249114990234
2023-12-01,43.16194152832031
2023-12-04,41.790306091308594
2023-12-05,41.365989685058594
2023-12-06,40.72458267211914
2023-12-07,41.592952728271484
2023-12-08,42.135684967041016
2023-12-11,43.95136642456055
2023-12-12,43.457977294921875
2023-12-13,43.9809684753418
2023-12-14,44.582908630371094
2023-12-15,45.549957275390625
2023-12-18,45.08616638183594
2023-12-19,46.04335021972656
2023-12-20,45.15523910522461
2023-12-21,46.457801818847656
2023-12-22,47.365638732910156
2023-12-26,49.83259963989258
2023-12-27,50.08916091918945
2023-12-28,49.724056243896484
2023-12-29,49.58590316772461
2024-01-02,47.16828155517578
2024-01-03,46.428192138671875
2024-01-04,46.250572204589844
2024-01-05,46.27030563354492
2024-01-08,47.8096923828125
2024-01-09,47.41497802734375
2024-01-10,46.842647552490234
2024-01-11,47.01039505004883
2024-01-12,46.49726867675781
2024-01-16,46.43806838989258
2024-01-17,45.45127868652344
2024-01-18,46.122291564941406
2024-01-19,47.51365661621094
2024-01-22,47.58273696899414
2024-01-23,48.24387741088867
2024-01-24,48.44123458862305
2024-01-25,48.8951530456543
2024-01-26,43.07312774658203
2024-01-29,43.260616302490234
2024-01-30,42.35277557373047
2024-01-31,42.51066207885742
2024-02-01,42.786964416503906
2024-02-02,42.03700256347656
2024-02-05,42.20476150512695
2024-02-06,42.29877853393555
2024-02-07,42.33836364746094
2024-02-08,42.061256408691406
2024-02-09,42.862892150878906
2024-02-12,43.57545852661133
2024-02-13,42.714439392089844
2024-02-14,43.73380661010742
2024-02-15,43.595252990722656
2024-02-16,43.060829162597656
2024-02-20,44.060401916503906
2024-02-21,43.021244049072266
2024-02-22,42.53630065917969
2024-02-23,42.54619598388672
2024-02-26,42.54619598388672
2024-02-27,42.28887939453125
2024-02-28,41.5565185546875
2024-02-29,42.60557556152344
2024-03-01,43.36763000488281
2024-03-04,45.13915252685547
2024-03-05,42.714439392089844
2024-03-06,44.05050277709961
2024-03-07,45.67357635498047
2024-03-08,43.54576873779297
2024-03-11,44.39689254760742
2024-03-12,44.772972106933594
2024-03-13,42.78371810913086
2024-03-14,42.30867385864258
2024-03-15,42.199806213378906
2024-03-18,42.26908874511719
2024-03-19,41.61589813232422
2024-03-20,41.76435089111328
2024-03-21,41.982078552246094
2024-03-22,42.130531311035156
2024-03-25,41.39817428588867
2024-03-26,41.5565185546875
2024-03-27,43.318145751953125
2024-03-28,43.714012145996094
2024-04-01,44.060401916503906
2024-04-02,43.486385345458984
2024-04-03,39.91366195678711
2024-04-04,39.31985092163086
2024-04-05,38.31038284301758
2024-04-08,37.58791732788086
2024-04-09,37.934303283691406
2024-04-10,36.81597137451172
2024-04-11,37.24153137207031
2024-04-12,35.321556091308594
2024-04-15,35.935157775878906
2024-04-16,35.88566970825195
2024-04-17,35.31166076660156
2024-04-18,34.67826843261719
2024-04-19,33.84693908691406
2024-04-22,34.054771423339844
2024-04-23,33.92611312866211
2024-04-24,34.14384078979492
2024-04-25,34.74754333496094
2024-04-26,31.55088996887207
2024-04-29,31.036258697509766
2024-04-30,30.155445098876953
2024-05-01,30.05647850036621
2024-05-02,30.195032119750977
2024-05-03,30.581005096435547
2024-05-06,30.774776458740234
2024-05-07,30.486604690551758
2024-05-08,29.81089210510254
2024-05-09,29.90032386779785
2024-05-10,29.66183853149414
2024-05-13,30.317676544189453
2024-05-14,30.854272842407227
2024-05-15,31.072887420654297
2024-05-16,31.828094482421875
2024-05-17,31.629356384277344
2024-05-20,31.897653579711914
2024-05-21,31.5399227142334
2024-05-22,31.221940994262695
2024-05-23,29.8903865814209
2024-05-24,30.526351928710938
2024-05-28,30.86421012878418
2024-05-29,29.94007110595703
2024-05-30,29.99969482421875
2024-05-31,30.655534744262695
2024-06-03,30.099063873291016
2024-06-04,29.8407039642334
2024-06-05,30.585975646972656
2024-06-06,30.22824478149414
2024-06-07,30.546226501464844
2024-06-10,30.71515464782715
2024-06-11,30.7250919342041
2024-06-12,30.56610107421875
2024-06-13,30.26799201965332
2024-06-14,30.258056640625
2024-06-17,30.784713745117188
2024-06-18,30.436920166015625
2024-06-20,30.426984786987305
2024-06-21,30.894020080566406
2024-06-24,30.37729835510254
2024-06-25,30.546226501464844
2024-06-26,30.347488403320312
2024-06-27,30.397172927856445
2024-06-28,30.774776458740234
2024-07-01,30.645597457885742
2024-07-02,30.874147415161133
2024-07-03,31.033138275146484
2024-07-05,31.818159103393555
2024-07-08,33.77574157714844
2024-07-09,34.3719596862793
2024-07-10,34.65019226074219
2024-07-11,33.2888298034668
2024-07-12,34.27259063720703
2024-07-15,34.242774963378906
2024-07-16,34.12353515625
2024-07-17,34.242774963378906
2024-07-18,34.65019226074219
2024-07-19,32.7721061706543
2024-07-22,33.15964889526367
2024-07-23,32.7422981262207
2024-07-24,31.50017547607422
2024-07-25,30.90395736694336
2024-07-26,31.152381896972656
2024-07-29,30.63566017150879
2024-07-30,29.94007110595703
2024-07-31,30.546226501464844
2024-08-01,28.866878509521484
2024-08-02,21.3445987701416
2024-08-05,19.983234405517578
2024-08-06,19.704999923706055
2024-08-07,18.989999771118164
2024-08-08,20.489999771118164
2024-08-09,19.709999084472656
2024-08-12,19.360000610351562
2024-08-13,20.469999313354492
2024-08-14,19.920000076293945
2024-08-15,20.690000534057617
2024-08-16,20.8700008392334
2024-08-19,21.520000457763672
2024-08-20,20.989999771118164
2024-08-21,21.40999984741211
2024-08-22,20.100000381469727
2024-08-23,20.540000915527344
2024-08-26,20.1299991607666
2024-08-27,20.06999969482422
2024-08-28,19.610000610351562
2024-08-29,20.1299991607666
2024-08-30,22.040000915527344
2024-09-03,20.100000381469727
2024-09-04,19.43000030517578
2024-09-05,19.399999618530273
2024-09-06,18.889999389648438
2024-09-09,19.06999969482422
2024-09-10,18.979999542236328
2024-09-11,19.639999389648438
2024-09-12,19.360000610351562
2024-09-13,19.65999984741211
2024-09-16,20.90999984741211
2024-09-17,21.469999313354492
2024-09-18,20.770000457763672
2024-09-19,21.139999389648438
2024-09-20,21.84000015258789
2024-09-23,22.559999465942383
2024-09-24,22.809999465942383
2024-09-25,23.540000915527344
2024-09-26,23.920000076293945
2024-09-27,23.90999984741211
2024-09-30,23.459999084472656
2024-10-01,22.690000534057617
2024-10-02,22.389999389648438
2024-10-03,22.260000228881836
2024-10-04,22.59000015258789
2024-10-07,22.3799991607666
2024-10-08,23.31999969482422
2024-10-09,23.459999084472656
2024-10-10,23.219999313354492
2024-10-11,23.559999465942383
2024-10-14,23.440000534057617
2024-10-15,22.65999984741211
2024-10-16,22.309999465942383
2024-10-17,22.440000534057617
2024-10-18,22.770000457763672
2024-10-21,22.84000015258789
2024-10-22,22.399999618530273
2024-10-23,21.979999542236328
2024-10-24,22.34000015258789
2024-10-25,22.68000030517578
2024-10-28,22.920000076293945
2024-10-29,22.899999618530273
2024-10-30,22.299999237060547
2024-10-31,21.520000457763672
2024-11-01,23.200000762939453
2024-11-04,22.520000457763672
2024-11-05,23.31999969482422
2024-11-06,25.049999237060547
2024-11-07,26.229999542236328
2024-11-08,26.200000762939453
2024-11-11,25.049999237060547
2024-11-12,24.15999984741211
2024-11-13,24.920000076293945
2024-11-14,25.030000686645508
2024-11-15,24.350000381469727
2024-11-18,24.84000015258789
2024-11-19,24.200000762939453
2024-11-20,24.010000228881836
2024-11-21,24.440000534057617
2024-11-22,24.5
2024-11-25,24.8700008392334
2024-11-26,24.049999237060547
2024-11-27,23.649999618530273
2024-11-29,24.049999237060547
2024-12-02,23.93000030517578
2024-12-03,22.469999313354492
2024-12-04,21.959999084472656
2024-12-05,20.799999237060547
2024-12-06,20.920000076293945
2024-12-09,20.809999465942383
2024-12-10,20.15999984741211
2024-12-11,20.1200008392334
2024-12-12,20.780000686645508
2024-12-13,20.34000015258789
2024-12-16,20.829999923706055
2024-12-17,20.440000534057617
2024-12-18,19.299999237060547
2024-12-19,19.059999465942383
2024-12-20,19.520000457763672
2024-12-23,20.200000762939453
2024-12-24,20.399999618530273
2024-12-26,20.440000534057617
2024-12-27,20.299999237060547
2024-12-30,19.81999969482422
2024-12-31,20.049999237060547
2025-01-02,20.219999313354492
2025-01-03,20.559999465942383
2025-01-06,19.8700008392334
2025-01-07,20.010000228881836
2025-01-08,19.8799991607666
2025-01-10,19.149999618530273
2025-01-13,19.200000762939453
2025-01-14,19.200000762939453
2025-01-15,19.719999313354492
2025-01-16,19.670000076293945
2025-01-17,21.489999771118164
2025-01-21,21.770000457763672
2025-01-22,21.860000610351562
2025-01-23,21.56999969482422
2025-01-24,20.829999923706055
2025-01-27,20.290000915527344
2025-01-28,19.799999237060547
2025-01-29,19.75
2025-01-30,20.010000228881836
2025-01-31,19.43000030517578
2025-02-03,19.3799991607666
2025-02-04,19.290000915527344
2025-02-05,19.649999618530273
2025-02-06,19.3799991607666
2025-02-07,19.100000381469727
2025-02-10,19.770000457763672
2025-02-11,20.969999313354492
2025-02-12,22.479999542236328
2025-02-13,24.1299991607666
2025-02-14,23.600000381469727
2025-02-18,27.389999389648438
2025-02-19,25.719999313354492
2025-02-20,26.09000015258789
2025-02-21,24.8700008392334
2025-02-24,24.270000457763672
2025-02-25,22.989999771118164
2025-02-26,23.520000457763672
2025-02-27,23.09000015258789
2025-02-28,23.729999542236328
2025-03-03,22.739999771118164
2025-03-04,21.329999923706055
2025-03-05,20.809999465942383
2025-03-06,20.75
2025-03-07,20.639999389648438
2025-03-10,19.93000030517578
2025-03-11,19.780000686645508
2025-03-12,20.68000030517578
2025-03-13,23.700000762939453
2025-03-14,24.049999237060547
2025-03-17,25.690000534057617
2025-03-18,25.920000076293945
2025-03-19,24.1200008392334
2025-03-20,23.959999084472656
2025-03-21,24.260000228881836
2025-03-24,24.219999313354492
2025-03-25,24.200000762939453
2025-03-26,23.420000076293945
2025-03-27,23.6200008392334
2025-03-28,22.709999084472656
2025-03-31,22.709999084472656
2025-04-01,22.049999237060547
2025-04-02,21.979999542236328
2025-04-03,22.43000030517578
2025-04-04,19.850000381469727
2025-04-07,19.56999969482422
2025-04-08,18.1299991607666
2025-04-09,21.530000686645508
2025-04-10,19.8799991607666
2025-04-11,19.739999771118164
2025-04-14,20.309999465942383
2025-04-15,19.850000381469727
2025-04-16,19.229999542236328
2025-04-17,18.93000030517578
2025-04-21,18.84000015258789
2025-04-22,19.510000228881836
2025-04-23,20.59000015258789
2025-04-24,21.489999771118164
2025-04-25,20.049999237060547
2025-04-28,20.510000228881836
2025-04-29,20.34000015258789
2025-04-30,20.100000381469727
2025-05-01,19.979999542236328
2025-05-02,20.6200008392334
2025-05-05,20.270000457763672
2025-05-06,19.940000534057617
2025-05-07,20.309999465942383
2025-05-08,21.0
2025-05-09,21.420000076293945
2025-05-12,22.18000030517578
2025-05-13,22.559999465942383
2025-05-14,21.520000457763672
2025-05-15,21.549999237060547
2025-05-16,21.65999984741211
2025-05-19,21.3799991607666
2025-05-20,21.270000457763672
2025-05-21,20.690000534057617
2025-05-22,20.549999237060547
2025-05-23,20.049999237060547
2025-05-27,20.549999237060547
2025-05-28,20.3700008392334
2025-05-29,20.25
2025-05-30,19.549999237060547
2025-06-02,19.739999771118164
2025-06-03,20.290000915527344
2025-06-04,20.25
2025-06-05,19.989999771118164
2025-06-06,20.059999465942383
2025-06-09,20.479999542236328
2025-06-10,22.079999923706055
2025-06-11,20.68000030517578
2025-06-12,20.770000457763672
2025-06-13,20.139999389648438
2025-06-16,20.739999771118164
2025-06-17,20.799999237060547
2025-06-18,21.489999771118164
2025-06-20,21.079999923706055
2025-06-23,21.190000534057617
2025-06-24,22.549999237060547
2025-06-25,22.200000762939453
2025-06-26,22.5
2025-06-27,22.690000534057617
2025-06-30,22.399999618530273
2025-07-01,22.850000381469727
2025-07-02,21.8799991607666
2025-07-03,22.489999771118164
2025-07-07,22.0
2025-07-08,23.59000015258789
2025-07-09,23.440000534057617
2025-07-10,23.81999969482422
2025-07-11,23.43000030517578
2025-07-14,23.299999237060547
2025-07-15,22.920000076293945
2025-07-16,22.690000534057617
2025-07-17,22.799999237060547
2025-07-18,23.100000381469727
2025-07-21,23.260000228881836
2025-07-22,23.239999771118164
2025-07-23,23.489999771118164
2025-07-24,22.6299991607666
2025-07-25,20.700000762939453
2025-07-28,20.68000030517578
2025-07-29,20.40999984741211
2025-07-30,20.34000015258789
2025-07-31,19.799999237060547
2025-08-01,19.309999465942383
2025-08-04,19.5
2025-08-05,20.190000534057617
2025-08-06,20.40999984741211
2025-08-07,19.770000457763672
2025-08-08,19.950000762939453
2025-08-11,20.649999618530273
2025-08-12,21.809999465942383
2025-08-13,22.219999313354492
2025-08-14,23.860000610351562
2025-08-15,24.559999465942383
2025-08-18,23.65999984741211
2025-08-19,25.309999465942383
2025-08-20,23.540000915527344
2025-08-21,23.5
2025-08-22,24.799999237060547
2025-08-25,24.549999237060547
2025-08-26,24.350000381469727
2025-08-27,24.850000381469727
2025-08-28,24.93000030517578
2025-08-29,24.350000381469727
2025-09-02,24.209999084472656
2025-09-03,24.0
2025-09-04,24.610000610351562
2025-09-05,24.489999771118164
2025-09-08,24.479999542236328
2025-09-09,24.440000534057617
2025-09-10,24.770000457763672
2025-09-11,24.610000610351562
2025-09-12,24.079999923706055
2025-09-15,24.770000457763672
2025-09-16,25.270000457763672
2025-09-17,24.899999618530273
2025-09-18,30.56999969482422
2025-09-19,29.579999923706055
2025-09-22,28.760000228881836
2025-09-23,29.34000015258789
2025-09-24,31.219999313354492
2025-09-25,33.9900016784668
2025-09-26,35.5
2025-09-29,34.47999954223633
2025-09-30,33.54999923706055
2025-10-01,35.939998626708984
2025-10-02,37.29999923706055
2025-10-03,36.83000183105469
2025-10-06,36.59000015258789
2025-10-07,37.16999816894531
2025-10-08,37.43000030517578
2025-10-09,37.79999923706055
2025-10-10,36.369998931884766
2025-10-13,37.220001220703125
2025-10-14,35.630001068115234
2025-10-15,37.150001525878906
2025-10-16,36.84000015258789
2025-10-17,37.0099983215332
2025-10-20,38.099998474121094
2025-10-21,38.119998931884766
2025-10-22,36.91999816894531
2025-10-23,38.15999984741211
2025-10-24,38.279998779296875
2025-10-27,39.540000915527344
2025-10-28,41.529998779296875
2025-10-29,41.34000015258789
2025-10-30,40.15999984741211
2025-10-31,39.9900016784668
2025-11-03,39.5
2025-11-04,37.029998779296875
2025-11-05,38.380001068115234
2025-11-06,37.2400016784668
2025-11-07,38.130001068115234
2025-11-10,38.45000076293945
2025-11-11,37.880001068115234
2025-11-12,37.88999938964844
2025-11-13,35.90999984741211
2025-11-14,35.52000045776367
2025-11-17,34.709999084472656
2025-11-18,34.33000183105469
2025-11-19,35.11000061035156
2025-11-20,33.619998931884766
2025-11-21,34.5
2025-11-24,35.790000915527344
2025-11-25,35.83000183105469
2025-11-26,36.810001373291016
2025-11-28,40.560001373291016
2025-12-01,40.0099983215332
2025-12-02,43.470001220703125
2025-12-03,43.7599983215332
2025-12-04,40.5
2025-12-05,41.40999984741211
2025-12-08,40.29999923706055
2025-12-09,40.5
2025-12-10,40.779998779296875
2025-12-11,39.5099983215332
2025-12-12,37.810001373291016
2025-12-15,37.5099983215332
2025-12-16,37.310001373291016
2025-12-17,36.04999923706055
2025-12-18,36.279998779296875
2025-12-19,36.81999969482422
2025-12-22,36.369998931884766
2025-12-23,36.349998474121094
2025-12-24,36.15999984741211
2025-12-26,36.20000076293945
2025-12-29,36.68000030517578
2025-12-30,37.29999923706055
2025-12-31,36.900001525878906
2026-01-02,39.380001068115234
2026-01-05,39.369998931884766
2026-01-06,40.040000915527344
2026-01-07,42.630001068115234
2026-01-08,41.11000061035156
2026-01-09,45.54999923706055
2026-01-12,44.060001373291016
2026-01-13,47.290000915527344
2026-01-14,48.720001220703125
2026-01-15,48.31999969482422
2026-01-16,46.959999084472656
2026-01-20,48.560001373291016
2026-01-21,54.25
2026-01-22,54.31999969482422
2026-01-23,45.06999969482422
2026-01-26,42.4900016784668
2026-01-27,43.93000030517578
2026-01-28,48.779998779296875
2026-01-29,48.65999984741211
2026-01-30,46.470001220703125
2026-02-02,48.810001373291016
2026-02-03,49.25
2026-02-04,48.599998474121094
2026-02-05,48.2400016784668
2026-02-06,50.59000015258789
2026-02-09,50.2400016784668
2026-02-10,47.130001068115234
2026-02-11,48.290000915527344
2026-02-12,46.47999954223633
2026-02-13,46.790000915527344
2026-02-17,46.18000030517578
2026-02-18,45.459999084472656
2026-02-19,44.619998931884766
2026-02-20,44.11000061035156
2026-02-23,43.630001068115234
2026-02-24,46.119998931884766
2026-02-25,46.880001068115234
2026-02-26,45.459999084472656
2026-02-27,45.61000061035156
2026-03-02,45.5
2026-03-03,43.099998474121094
2026-03-04,45.58000183105469
2026-03-05,45.95000076293945
2026-03-06,43.41999816894531
2026-03-09,45.58000183105469
2026-03-10,46.779998779296875
2026-03-11,47.97999954223633
2026-03-12,45.25
2026-03-13,45.77000045776367
2026-03-16,45.7599983215332
2026-03-17,44.060001373291016
2026-03-18,45.029998779296875
2026-03-19,46.18000030517578
2026-03-20,43.869998931884766
2026-03-23,44.0099983215332
2026-03-24,44.060001373291016
2026-03-25,47.18000030517578
2026-03-26,44.099998474121094
2026-03-27,43.130001068115234
2026-03-30,41.189998626708984
2026-03-31,44.130001068115234
2026-04-01,48.029998779296875
2026-04-02,50.380001068115234
2026-04-06,50.779998779296875
2026-04-07,52.90999984741211
2026-04-08,58.95000076293945
2026-04-09,61.720001220703125
2026-04-10,62.380001068115234
2026-04-13,65.18000030517578
2026-04-14,63.810001373291016
2026-04-15,64.94000244140625
2026-04-16,68.5
2026-04-17,68.5
2026-04-20,65.69999694824219
2026-04-21,66.26000213623047
2026-04-22,65.2699966430664
2026-04-23,66.77999877929688
2026-04-24,82.54000091552734
2026-04-27,84.98999786376953
2026-04-28,84.5199966430664
2026-04-29,94.75
2026-04-30,94.4800033569336
2026-05-01,99.62000274658203
2026-05-04,95.77999877929688
2026-05-05,108.1500015258789
2026-05-06,113.01000213623047
2026-05-07,109.62000274658203
2026-05-08,124.91999816894531
2026-05-11,129.44000244140625
2026-05-12,120.61000061035156
2026-05-13,120.29000091552734
2026-05-14,115.93000030517578
2026-05-15,108.7699966430664
2026-05-18,108.16999816894531
2026-05-19,110.80000305175781
2026-05-20,118.95999908447266
2026-05-21,118.5
2026-05-22,119.83999633789062
2026-05-26,123.5199966430664
2026-05-27,121.7699966430664
2026-05-28,120.88999938964844
2026-05-29,114.68000030517578
2026-06-01,109.33000183105469
2026-06-02,107.93000030517578
2026-06-03,112.70999908447266
2026-06-04,111.77999877929688
2026-06-05,99.16999816894531
2026-06-08,110.2699966430664
2026-06-09,107.91999816894531
2026-06-10,107.04000091552734
2026-06-11,116.95999908447266
2026-06-12,124.56999969482422
2026-06-15,127.86000061035156
2026-06-16,117.05000305175781
2026-06-17,121.0999984741211
2026-06-18,133.99000549316406
2026-06-22,140.94000244140625
2026-06-23,132.27999877929688
2026-06-24,131.64999389648438
2026-06-25,132.8699951171875
2026-06-26,128.32000732421875
2026-06-29,131.72000122070312
2026-06-30,139.6300048828125
2026-07-01,127.0199966430664
2026-07-02,120.3499984741211
2026-07-06,122.19999694824219
2026-07-07,110.38999938964844
2026-07-08,110.23999786376953
2026-07-09,112.54000091552734
2026-07-10,109.83999633789062
2026-07-13,103.12000274658203
2026-07-14,107.76000213623047
2026-07-15,102.98999786376953
2026-07-16,96.9800033569336
2026-07-17,95.04000091552734
2026-07-20,97.05999755859375
2026-07-21,105.44999694824219
2026-07-22,102.62000274658203
2026-07-23,100.2300033569336
2026-07-24,92.31999969482422
2026-07-27,91.66999816894531
2026-07-28,86.30000305175781
2026-07-29,81.87999725341797
2026-07-30,91.12999725341797
2026-07-31,90.19999694824219
2026-08-03,91.0
2026-08-04,100.86000061035156
2026-08-05,101.05999755859375
2026-08-06,99.80999755859375
2026-08-07,101.6500015258789
2026-08-10,97.5199966430664
2026-08-11,97.70999908447266
2026-08-12,100.94999694824219
2026-08-13,104.55999755859375
2026-08-14,102.5
2026-08-17,103.48999786376953
2026-08-18,96.69000244140625
2026-08-19,92.80000305175781
2026-08-20,92.12999725341797
2026-08-21,90.06999969482422
2026-08-24,87.26000213623047
2026-08-25,87.4800033569336
2026-08-26,88.23999786376953
2026-08-27,92.08999633789062
2026-08-28,89.47000122070312
2026-08-31,89.51000213623047
2026-09-01,88.97000122070312
2026-09-02,90.05000305175781
2026-09-03,91.66999816894531
2026-09-04,95.80000305175781
2026-09-08,104.47000122070312
2026-09-09,106.23999786376953
2026-09-10,100.31999969482422
2026-09-11,102.94000244140625
